,tweet_id,rating_numerator,rating_denominator,name,stage
0,892420643555336193,13.0,10.0,Phineas,None
1,892177421306343426,13.0,10.0,Tilly,None
2,891815181378084864,12.0,10.0,Archie,None
3,891689557279858688,13.0,10.0,Darla,None
4,891327558926688256,12.0,10.0,Franklin,None
5,891087950875897856,13.0,10.0,None,None
6,890971913173991426,13.0,10.0,Jax,None
7,890729181411237888,13.0,10.0,None,None
8,890609185150312448,13.0,10.0,Zoey,None
9,890240255349198849,14.0,10.0,Cassie,doggo
10,890006608113172480,13.0,10.0,Koda,None
11,889880896479866881,13.0,10.0,Bruno,None
12,889665388333682689,13.0,10.0,None,puppo
13,889638837579907072,12.0,10.0,Ted,None
14,889531135344209921,13.0,10.0,Stuart,puppo
15,889278841981685760,13.0,10.0,Oliver,None
16,888917238123831296,12.0,10.0,Jim,None
17,888804989199671297,13.0,10.0,Zeke,None
18,888554962724278272,13.0,10.0,Ralphus,None
20,888078434458587136,12.0,10.0,Gerald,None
21,887705289381826560,13.0,10.0,Jeffrey,None
22,887517139158093824,14.0,10.0,such,None
23,887473957103951883,13.0,10.0,Canela,None
24,887343217045368832,13.0,10.0,None,None
25,887101392804085760,12.0,10.0,None,None
26,886983233522544640,13.0,10.0,Maya,None
27,886736880519319552,13.0,10.0,Mingus,None
28,886680336477933568,13.0,10.0,Derek,None
29,886366144734445568,12.0,10.0,Roscoe,pupper
30,886267009285017600,12.0,10.0,None,None
31,886258384151887873,13.0,10.0,Waffles,None
33,885984800019947520,12.0,10.0,Jimbo,None
34,885528943205470208,13.0,10.0,Maisey,None
35,885518971528720385,14.0,10.0,None,None
37,885167619883638784,13.0,10.0,None,None
38,884925521741709313,12.0,10.0,Earl,None
39,884876753390489601,13.0,10.0,Lola,None
40,884562892145688576,13.0,10.0,Kevin,None
41,884441805382717440,14.0,10.0,None,None
42,884247878851493888,13.0,10.0,None,None
43,884162670584377345,12.0,10.0,Yogi,doggo
44,883838122936631299,12.0,10.0,Noah,None
45,883482846933004288,5.0,10.0,Bella,None
46,883360690899218434,13.0,10.0,Grizzwald,floofer
47,883117836046086144,13.0,10.0,None,None
48,882992080364220416,13.0,10.0,Rusty,None
49,882762694511734784,12.0,10.0,Gus,pupper
50,882627270321602560,13.0,10.0,Stanley,None
51,882268110199369728,13.0,10.0,Alfy,None
52,882045870035918850,13.0,10.0,Koko,None
53,881906580714921986,12.0,10.0,Rey,None
54,881666595344535552,13.0,10.0,Gary,None
55,881633300179243008,17.0,10.0,None,None
56,881536004380872706,14.0,10.0,None,pupper
57,881268444196462592,12.0,10.0,Elliot,None
58,880935762899988482,13.0,10.0,Louis,None
59,880872448815771648,12.0,10.0,None,None
60,880465832366813184,12.0,10.0,Bella,None
61,880221127280381952,12.0,10.0,Jesse,None
62,880095782870896641,11.0,10.0,None,None
63,879862464715927552,13.0,10.0,Romeo,None
64,879674319642796034,14.0,10.0,None,None
65,879492040517615616,12.0,10.0,Bailey,None
66,879415818425184262,13.0,10.0,Duddles,None
67,879376492567855104,12.0,10.0,Jack,None
69,879050749262655488,11.0,10.0,Steven,None
70,879008229531029506,13.0,10.0,Beau,None
71,878776093423087618,13.0,10.0,Snoopy,puppo
72,878604707211726852,13.0,10.0,None,None
75,878281511006478336,13.0,10.0,Shadow,None
76,878057613040115712,14.0,10.0,Emmy,None
77,877736472329191424,13.0,10.0,Aja,None
79,877556246731214848,12.0,10.0,Penny,None
80,877316821321428993,13.0,10.0,Dante,None
81,877201837425926144,12.0,10.0,Nelly,None
82,876838120628539392,12.0,10.0,Ginger,pupper
83,876537666061221889,14.0,10.0,None,None
84,876484053909872640,13.0,10.0,Benedict,None
85,876120275196170240,13.0,10.0,Venti,None
86,875747767867523072,13.0,10.0,Goose,None
87,875144289856114688,13.0,10.0,Nugget,None
88,875097192612077568,13.0,10.0,None,None
89,875021211251597312,12.0,10.0,None,None
90,874680097055178752,12.0,10.0,Cash,None
92,874296783580663808,13.0,10.0,Jed,pupper
93,874057562936811520,12.0,10.0,None,None
94,874012996292530176,13.0,10.0,Sebastian,puppo
96,873580283840344065,13.0,10.0,None,None
98,873213775632977920,12.0,10.0,Sierra,pupper
99,872967104147763200,12.0,10.0,None,doggo
100,872820683541237760,13.0,10.0,None,None
102,872620804844003328,13.0,10.0,Monkey,None
103,872486979161796608,12.0,10.0,None,None
104,872261713294495745,13.0,10.0,Harry,None
105,872122724285648897,12.0,10.0,Kody,None
106,871879754684805121,13.0,10.0,Lassie,None
107,871762521631449091,12.0,10.0,Rover,pupper
108,871515927908634625,12.0,10.0,Napolean,doggo
110,871102520638267392,14.0,10.0,None,doggo
111,871032628920680449,13.0,10.0,Boomer,None
112,870804317367881728,11.0,10.0,None,None
113,870726314365509632,10.0,10.0,None,None
114,870656317836468226,13.0,10.0,Cody,None
115,870374049280663552,13.0,10.0,Zoey,None
116,870308999962521604,13.0,10.0,Rumble,None
117,870063196459192321,14.0,10.0,Clifford,None
119,869772420881756160,13.0,10.0,Dewey,None
120,869702957897576449,13.0,10.0,Stanley,None
121,869596645499047938,12.0,10.0,Scout,doggo
122,869227993411051520,13.0,10.0,Gizmo,None
123,868880397819494401,14.0,10.0,Walter,None
125,868622495443632128,13.0,10.0,None,None
126,868552278524837888,12.0,10.0,Cooper,None
127,867900495410671616,12.0,10.0,None,None
128,867774946302451713,13.0,10.0,Harold,None
129,867421006826221569,12.0,10.0,Shikha,puppo
131,867051520902168576,13.0,10.0,None,None
133,866720684873056260,13.0,10.0,None,None
134,866686824827068416,12.0,10.0,Lili,None
135,866450705531457537,13.0,10.0,Jamesy,pupper
136,866334964761202691,12.0,10.0,Coco,None
138,865718153858494464,13.0,10.0,Boomer,None
139,865359393868664832,13.0,10.0,Sammy,None
140,865006731092295680,13.0,10.0,Nelly,None
141,864873206498414592,14.0,10.0,None,None
142,864279568663928832,12.0,10.0,Meatball,None
143,864197398364647424,13.0,10.0,Paisley,None
144,863907417377173506,13.0,10.0,Albus,None
145,863553081350529029,13.0,10.0,Neptune,None
147,863432100342583297,12.0,10.0,Belle,None
148,863427515083354112,12.0,10.0,None,None
149,863079547188785154,14.0,10.0,None,None
150,863062471531167744,13.0,10.0,Quinn,None
151,862831371563274240,13.0,10.0,Zooey,None
152,862722525377298433,11.0,10.0,Dave,None
153,862457590147678208,13.0,10.0,Jersey,None
154,862096992088072192,13.0,10.0,None,None
156,861383897657036800,13.0,10.0,Hobbes,None
157,861288531465048066,13.0,10.0,None,None
158,861005113778896900,12.0,10.0,Burt,None
161,860563773140209665,13.0,10.0,Lorenzo,None
162,860524505164394496,13.0,10.0,Carl,None
163,860276583193509888,12.0,10.0,Jordy,None
164,860184849394610176,14.0,10.0,None,None
166,859924526012018688,12.0,10.0,Milky,None
167,859851578198683649,13.0,10.0,Trooper,None
168,859607811541651456,13.0,10.0,None,puppo
169,859196978902773760,12.0,10.0,None,None
170,859074603037188101,13.0,10.0,None,None
172,858843525470990336,13.0,10.0,None,doggo
173,858471635011153920,13.0,10.0,Sophie,None
174,858107933456039936,12.0,10.0,Wyatt,None
175,857989990357356544,12.0,10.0,Rosie,None
176,857746408056729600,13.0,10.0,Thor,None
177,857393404942143489,13.0,10.0,None,None
178,857263160327368704,13.0,10.0,Oscar,None
179,857214891891077121,12.0,10.0,None,None
181,857029823797047296,12.0,10.0,Zeke,None
183,856543823941562368,12.0,10.0,Callie,None
184,856526610513747968,14.0,10.0,None,None
186,856288084350160898,14.0,10.0,None,None
187,856282028240666624,14.0,10.0,Cermet,None
188,855862651834028034,420.0,10.0,None,None
189,855860136149123072,666.0,10.0,None,None
190,855857698524602368,13.0,10.0,None,None
191,855851453814013952,13.0,10.0,None,doggo
192,855818117272018944,13.0,10.0,None,None
193,855459453768019968,12.0,10.0,None,None
196,854732716440526848,12.0,10.0,Marlee,None
197,854482394044301312,13.0,10.0,Arya,None
198,854365224396361728,13.0,10.0,Einstein,None
199,854120357044912130,14.0,10.0,None,pupper
200,854010172552949760,11.0,10.0,None,doggo
201,853760880890318849,12.0,10.0,Alice,None
202,853639147608842240,13.0,10.0,None,None
203,853299958564483072,13.0,10.0,Rumpole,None
205,852912242202992640,12.0,10.0,Benny,None
206,852672615818899456,12.0,10.0,Aspen,None
207,852553447878664193,13.0,10.0,Jarod,None
208,852311364735569921,13.0,10.0,Wiggles,None
209,852226086759018497,14.0,10.0,General,None
210,852189679701164033,12.0,10.0,Sailor,None
213,851591660324737024,11.0,10.0,None,None
214,851464819735769094,14.0,10.0,Iggy,None
215,851224888060895234,13.0,10.0,Snoop,None
216,850753642995093505,11.0,10.0,Kyle,None
217,850380195714523136,13.0,10.0,Leo,None
218,850333567704068097,13.0,10.0,None,None
219,850145622816686080,11.0,10.0,Riley,None
220,850019790995546112,12.0,10.0,Boomer,pupper
221,849776966551130114,12.0,10.0,None,None
223,849412302885593088,12.0,10.0,Noosh,None
224,849336543269576704,11.0,10.0,None,None
225,849051919805034497,13.0,10.0,Kevin,None
226,848690551926992896,12.0,10.0,None,None
227,848324959059550208,12.0,10.0,Odin,None
228,848213670039564288,11.0,10.0,None,None
229,848212111729840128,6.0,10.0,Jerry,None
232,847962785489326080,10.0,10.0,Georgie,None
233,847842811428974592,12.0,10.0,Rontu,None
234,847617282490613760,13.0,10.0,None,None
235,847606175596138505,12.0,10.0,Cannon,None
236,847251039262605312,12.0,10.0,Furzey,None
237,847157206088847362,11.0,10.0,Daisy,None
238,847116187444137987,11.0,10.0,None,None
239,846874817362120707,13.0,10.0,Tuck,None
240,846514051647705089,13.0,10.0,Barney,doggo
241,846505985330044928,11.0,10.0,None,None
242,846153765933735936,13.0,10.0,Vixen,None
243,846139713627017216,13.0,10.0,None,None
244,846042936437604353,12.0,10.0,Jarvis,None
245,845812042753855489,13.0,10.0,None,None
246,845677943972139009,12.0,10.0,None,None
248,845397057150107648,13.0,10.0,Mimosa,doggo
249,845306882940190720,12.0,10.0,Pickles,pupper
251,844979544864018432,13.0,10.0,None,None
252,844973813909606400,12.0,10.0,Brady,None
253,844704788403113984,13.0,10.0,Luna,None
254,844580511645339650,11.0,10.0,Charlie,None
255,844223788422217728,12.0,10.0,Margo,None
256,843981021012017153,13.0,10.0,None,None
257,843856843873095681,12.0,10.0,Sadie,None
258,843604394117681152,11.0,10.0,Hank,None
259,843235543001513987,13.0,10.0,Tycho,None
261,842846295480000512,13.0,10.0,Charlie,None
262,842765311967449089,12.0,10.0,Indie,None
263,842535590457499648,13.0,10.0,Winnie,None
264,842163532590374912,12.0,10.0,George,None
265,842115215311396866,12.0,10.0,Bentley,None
267,841680585030541313,12.0,10.0,Penny,None
268,841439858740625411,14.0,10.0,None,None
269,841320156043304961,12.0,10.0,None,None
270,841314665196081154,13.0,10.0,Max,None
271,841077006473256960,12.0,10.0,Dawn,None
274,840698636975636481,10.0,10.0,None,None
275,840696689258311684,10.0,10.0,None,None
276,840632337062862849,12.0,10.0,Maddie,None
277,840370681858686976,13.0,10.0,None,None
278,840268004936019968,12.0,10.0,Monty,None
279,839990271299457024,13.0,10.0,Sojourner,None
280,839549326359670784,12.0,10.0,Winston,None
282,839239871831150596,13.0,10.0,Odie,None
283,838952994649550848,13.0,10.0,None,None
284,838921590096166913,13.0,10.0,Arlo,None
287,838561493054533637,13.0,10.0,Walter,None
288,838476387338051585,13.0,10.0,Stanley,None
290,838150277551247360,182.0,10.0,None,None
291,838085839343206401,15.0,10.0,None,None
292,838083903487373313,13.0,10.0,Daisy,None
293,837820167694528512,12.0,10.0,None,pupper
294,837482249356513284,13.0,10.0,Waffles,None
295,837471256429613056,12.0,10.0,Vincent,None
296,837366284874571778,13.0,10.0,Lucy,None
297,837110210464448512,13.0,10.0,Clark,pupper
299,836989968035819520,12.0,10.0,Mookie,None
300,836753516572119041,12.0,10.0,Meera,doggo
301,836677758902222849,11.0,10.0,Oliver,None
304,836380477523124226,12.0,10.0,Ava,pupper
305,836260088725786625,13.0,10.0,Lucy,None
306,836001077879255040,13.0,10.0,None,None
308,835574547218894849,11.0,10.0,Eli,None
311,835297930240217089,12.0,10.0,Ash,None
312,835264098648616962,12.0,10.0,Lola,None
313,835246439529840640,,,None,None
314,835172783151792128,12.0,10.0,None,None
315,835152434251116546,0.0,10.0,None,None
316,834931633769889797,12.0,10.0,Tucker,None
317,834786237630337024,13.0,10.0,Tobi,None
318,834574053763584002,13.0,10.0,None,doggo
320,834458053273591808,12.0,10.0,Chester,None
321,834209720923721728,12.0,10.0,Wilson,None
322,834167344700198914,11.0,10.0,Sunshine,None
323,834089966724603904,10.0,10.0,None,doggo
324,834086379323871233,12.0,10.0,Lipton,None
325,833863086058651648,12.0,10.0,Bentley,None
326,833826103416520705,13.0,10.0,Charlie,None
328,833722901757046785,13.0,10.0,Bronte,None
329,833479644947025920,13.0,10.0,Poppy,None
330,833124694597443584,12.0,10.0,Gidget,pupper
331,832998151111966721,13.0,10.0,Rhino,doggo
333,832757312314028032,13.0,10.0,Willow,None
334,832682457690300417,13.0,10.0,None,None
335,832645525019123713,10.0,10.0,not,None
336,832636094638288896,12.0,10.0,Orion,None
337,832397543355072512,12.0,10.0,Eevee,None
338,832369877331693569,11.0,10.0,Charlie,None
339,832273440279240704,14.0,10.0,Smiley,doggo
342,832088576586297345,,,None,None
344,832032802820481025,12.0,10.0,Miguel,doggo
345,831939777352105988,12.0,10.0,Emanuel,doggo
346,831926988323639298,12.0,10.0,None,None
347,831911600680497154,14.0,10.0,Kuyu,None
348,831670449226514432,13.0,10.0,Daisy,None
349,831650051525054464,13.0,10.0,None,None
350,831552930092285952,13.0,10.0,Dutch,None
351,831322785565769729,12.0,10.0,Pete,doggo
352,831315979191906304,13.0,10.0,None,pupper
353,831309418084069378,12.0,10.0,Scooter,None
354,831262627380748289,12.0,10.0,Tucker,None
355,830956169170665475,12.0,10.0,Reggie,None
356,830583320585068544,13.0,10.0,Lilly,None
358,830097400375152640,13.0,10.0,Samson,None
360,829861396166877184,12.0,10.0,Mia,None
361,829501995190984704,12.0,10.0,Leo,None
362,829449946868879360,11.0,10.0,None,doggo
363,829374341691346946,13.0,10.0,Astrid,doggo
364,829141528400556032,12.0,10.0,Malcolm,None
365,829011960981237760,13.0,10.0,Dexter,None
367,828770345708580865,13.0,10.0,Alfie,None
368,828708714936930305,10.0,10.0,Fiona,None
369,828650029636317184,14.0,10.0,one,None
370,828409743546925057,12.0,10.0,Mutt,None
371,828408677031882754,12.0,10.0,Bear,None
372,828381636999917570,14.0,10.0,Doobert,doggo
373,828376505180889089,13.0,10.0,Beebop,None
374,828372645993398273,12.0,10.0,Alexander,None
375,828361771580813312,12.0,10.0,None,None
376,828046555563323392,13.0,10.0,Sailer,None
377,828011680017821696,11.0,10.0,Brutus,None
378,827933404142436356,12.0,10.0,Kona,pupper
379,827653905312006145,12.0,10.0,Boots,None
380,827600520311402496,13.0,10.0,Tucker,None
381,827324948884643840,12.0,10.0,Ralphie,None
383,827199976799354881,13.0,10.0,Charlie,None
384,826958653328592898,12.0,10.0,Loki,doggo
385,826848821049180160,13.0,10.0,Cupid,doggo
387,826598799820865537,7.0,10.0,None,None
388,826598365270007810,13.0,10.0,Pawnd,None
389,826476773533745153,12.0,10.0,Pilot,doggo
390,826240494070030336,11.0,10.0,None,None
391,826204788643753985,13.0,10.0,None,doggo
392,826115272272650244,13.0,10.0,Ike,None
393,825876512159186944,11.0,10.0,Mo,None
394,825829644528148480,12.0,10.0,Toby,None
395,825535076884762624,14.0,10.0,None,puppo
396,825147591692263424,13.0,10.0,Sweet,None
398,825026590719483904,12.0,10.0,Pablo,puppo
400,824775126675836928,12.0,10.0,Scooter,None
401,824663926340194305,13.0,10.0,Wilson,None
402,824325613288833024,13.0,10.0,None,pupper
403,824297048279236611,11.0,10.0,Nala,None
404,824025158776213504,14.0,10.0,None,None
405,823939628516474880,12.0,10.0,Cash,None
407,823699002998870016,12.0,10.0,Winston,None
408,823581115634085888,11.0,10.0,Crawford,None
409,823333489516937216,13.0,10.0,None,None
410,823322678127919110,11.0,10.0,Wyatt,None
412,822975315408461824,12.0,10.0,Albus,None
413,822872901745569793,13.0,10.0,None,puppo
414,822859134160621569,12.0,10.0,Hobbes,None
416,822610361945911296,12.0,10.0,None,None
417,822489057087389700,13.0,10.0,Paisley,None
418,822462944365645825,14.0,10.0,Gabe,pupper
419,822244816520155136,11.0,10.0,None,None
421,821886076407029760,13.0,10.0,Jimison,None
423,821765923262631936,13.0,10.0,Duchess,doggo
424,821522889702862852,13.0,10.0,Harlso,None
426,821407182352777218,14.0,10.0,Sundance,doggo
427,821153421864615936,13.0,10.0,None,None
428,821149554670182400,12.0,10.0,Luca,None
429,821107785811234820,11.0,10.0,None,doggo
430,821044531881721856,12.0,10.0,Flash,None
432,820749716845686786,13.0,10.0,Sunny,None
433,820690176645140481,,,None,None
436,820314633777061888,14.0,10.0,None,None
437,820078625395449857,12.0,10.0,None,None
439,819952236453363712,13.0,10.0,Oliver,puppo
440,819924195358416896,11.0,10.0,None,doggo
441,819711362133872643,11.0,10.0,Howie,None
442,819588359383371776,13.0,10.0,Jazzy,None
443,819347104292290561,12.0,10.0,Anna,None
444,819238181065359361,10.0,10.0,None,pupper
445,819227688460238848,12.0,10.0,Finn,None
448,819006400881917954,14.0,10.0,Sunny,doggo
449,819004803107983360,14.0,10.0,Bo,doggo
451,818627210458333184,13.0,10.0,Wafer,None
452,818614493328580609,12.0,10.0,Bear,None
454,818536468981415936,11.0,10.0,Tom,None
456,818259473185828864,12.0,10.0,Florence,None
457,818145370475810820,11.0,10.0,Autumn,None
458,817908911860748288,12.0,10.0,None,None
459,817827839487737858,13.0,10.0,Buddy,None
460,817777686764523521,13.0,10.0,Dido,doggo
461,817536400337801217,12.0,10.0,Eugene,None
463,817423860136083457,13.0,10.0,Ken,None
464,817415592588222464,11.0,10.0,Strudel,None
466,817171292965273600,13.0,10.0,Tebow,None
467,817120970343411712,13.0,10.0,None,None
468,817056546584727552,11.0,10.0,Chloe,None
470,816816676327063552,12.0,10.0,Timber,None
471,816697700272001025,12.0,10.0,Binky,None
472,816450570814898180,13.0,10.0,Moose,None
473,816336735214911488,11.0,10.0,Dudley,None
474,816091915477250048,12.0,10.0,Comet,None
477,815990720817401858,11.0,10.0,Jack,None
478,815966073409433600,13.0,10.0,None,pupper
480,815736392542261248,11.0,10.0,Akumi,None
481,815639385530101762,12.0,10.0,Titan,None
482,815390420867969024,13.0,10.0,None,None
483,814986499976527872,11.0,10.0,Cooper,pupper
484,814638523311648768,12.0,10.0,Olivia,None
486,814530161257443328,12.0,10.0,Alf,None
487,814153002265309185,12.0,10.0,Oshie,None
489,813910438903693312,11.0,10.0,Chubbs,doggo
490,813812741911748608,14.0,10.0,Gary,None
491,813800681631023104,12.0,10.0,Sky,None
492,813217897535406080,13.0,10.0,Atlas,None
493,813202720496779264,11.0,10.0,None,doggo
494,813187593374461952,13.0,10.0,None,None
495,813172488309972993,12.0,10.0,Eleanor,None
496,813157409116065792,12.0,10.0,Layla,None
497,813142292504645637,13.0,10.0,None,None
498,813130366689148928,12.0,10.0,None,None
499,813127251579564032,11.0,10.0,None,doggo
500,813112105746448384,12.0,10.0,Toby,None
501,813096984823349248,11.0,10.0,Rocky,doggo
502,813081950185472002,11.0,10.0,Baron,None
503,813066809284972545,12.0,10.0,Tyr,None
504,813051746834595840,13.0,10.0,Bauer,None
505,812781120811126785,10.0,10.0,Swagger,None
507,812709060537683968,12.0,10.0,Brandi,None
508,812503143955202048,13.0,10.0,None,None
509,812466873996607488,12.0,10.0,Mary,None
510,812372279581671427,13.0,10.0,Moe,None
511,811985624773361665,11.0,10.0,Ted,None
512,811744202451197953,13.0,10.0,Halo,None
513,811647686436880384,11.0,10.0,None,None
514,811627233043480576,10.0,10.0,Augie,None
515,811386762094317568,11.0,10.0,Craig,pupper
516,810984652412424192,,,Sam,None
517,810896069567610880,11.0,10.0,Hunter,None
518,810657578271330305,11.0,10.0,Pavlov,None
519,810284430598270976,13.0,10.0,Phil,None
520,810254108431155201,12.0,10.0,Gus,None
521,809920764300447744,10.0,10.0,None,None
523,809448704142938112,12.0,10.0,None,None
524,809220051211603969,12.0,10.0,Kyro,None
525,809084759137812480,11.0,10.0,Wallace,None
526,808838249661788160,13.0,10.0,Ito,None
527,808733504066486276,12.0,10.0,None,pupper
528,808501579447930884,12.0,10.0,Koda,None
529,808344865868283904,11.0,10.0,Seamus,None
531,808106460588765185,12.0,10.0,None,doggo
532,808001312164028416,12.0,10.0,Cooper,None
533,807621403335917568,14.0,10.0,Ollie,pupper
534,807106840509214720,13.0,10.0,Stephan,None
536,807010152071229440,12.0,10.0,Lennon,None
537,806629075125202948,13.0,10.0,None,None
539,806576416489959424,13.0,10.0,None,None
540,806542213899489280,11.0,10.0,Waffles,None
542,806219024703037440,11.0,10.0,incredibly,None
544,805932879469572096,12.0,10.0,Major,None
545,805826884734976000,12.0,10.0,Duke,None
547,805520635690676224,13.0,10.0,Zeke,None
548,805487436403003392,12.0,10.0,Sansa,None
549,805207613751304193,12.0,10.0,Shooter,None
550,804738756058218496,12.0,10.0,Django,None
551,804475857670639616,13.0,10.0,None,None
553,804026241225523202,13.0,10.0,Bo,None
554,803773340896923648,12.0,10.0,Diogi,puppo
556,803638050916102144,13.0,10.0,None,pupper
557,803380650405482500,12.0,10.0,Sonny,None
559,803276597545603072,11.0,10.0,Winston,None
560,802952499103731712,12.0,10.0,Marley,None
562,802600418706604034,11.0,10.0,Bailey,None
563,802572683846291456,12.0,10.0,Winnie,None
564,802323869084381190,13.0,10.0,Severus,None
565,802265048156610565,11.0,10.0,None,doggo
567,802239329049477120,12.0,10.0,Loki,puppo
569,801958328846974976,12.0,10.0,Ronnie,None
570,801854953262350336,11.0,10.0,None,None
571,801538201127157760,12.0,10.0,Wallace,None
572,801285448605831168,10.0,10.0,None,None
573,801167903437357056,13.0,10.0,Milo,None
575,801115127852503040,12.0,10.0,Bones,doggo
576,800859414831898624,11.0,10.0,None,doggo
578,800751577355128832,12.0,10.0,Mauve,None
579,800513324630806528,11.0,10.0,Chef,None
580,800459316964663297,12.0,10.0,None,pupper
582,800388270626521089,12.0,10.0,Doc,floofer
584,800141422401830912,13.0,10.0,Peaches,None
585,800018252395122689,11.0,10.0,None,doggo
587,799757965289017345,13.0,10.0,Sobe,doggo
588,799422933579902976,12.0,10.0,Longfellow,None
590,799297110730567681,11.0,10.0,Jeffrey,None
591,799063482566066176,11.0,10.0,Mister,None
592,798933969379225600,12.0,10.0,Iroh,None
593,798925684722855936,11.0,10.0,Shadow,None
607,798209839306514432,13.0,10.0,Cooper,None
608,797971864723324932,12.0,10.0,None,pupper
609,797545162159308800,12.0,10.0,Cassie,None
610,797236660651966464,12.0,10.0,Pancake,None
611,797165961484890113,11.0,10.0,None,None
613,796865951799083009,12.0,10.0,Tyr,None
614,796759840936919040,11.0,10.0,Romeo,None
616,796484825502875648,12.0,10.0,None,doggo
617,796387464403357696,12.0,10.0,Snicku,None
619,796149749086875649,11.0,10.0,Ruby,None
620,796125600683540480,13.0,10.0,None,None
621,796116448414461957,11.0,10.0,None,None
622,796080075804475393,12.0,10.0,Yogi,None
623,796031486298386433,13.0,10.0,Daisy,None
624,795464331001561088,13.0,10.0,None,doggo
625,795400264262053889,12.0,10.0,Brody,None
626,795076730285391872,11.0,10.0,Bailey,None
628,794926597468000259,12.0,10.0,Mack,None
630,794332329137291264,12.0,10.0,Nimbus,None
631,794205286408003585,14.0,10.0,Laika,pupper
632,793962221541933056,12.0,10.0,Maximus,None
633,793845145112371200,13.0,10.0,Clark,None
635,793601777308463104,12.0,10.0,Dobby,None
636,793500921481273345,12.0,10.0,Fiona,None
637,793286476301799424,13.0,10.0,Moreton,None
638,793271401113350145,12.0,10.0,Dave,None
639,793256262322548741,12.0,10.0,None,None
640,793241302385262592,13.0,10.0,Tucker,None
641,793226087023144960,11.0,10.0,Juno,None
642,793210959003287553,10.0,10.0,Maude,None
643,793195938047070209,12.0,10.0,Lily,puppo
644,793180763617361921,11.0,10.0,Newt,None
645,793165685325201412,12.0,10.0,Benji,None
646,793150605191548928,11.0,10.0,Nida,None
647,793135492858580992,13.0,10.0,None,None
648,793120401413079041,11.0,10.0,Robin,None
649,792913359805018113,13.0,10.0,None,None
650,792883833364439040,12.0,10.0,Bailey,None
651,792773781206999040,12.0,10.0,Monster,None
652,792394556390137856,12.0,10.0,BeBe,None
653,792050063153438720,11.0,10.0,Remus,None
657,791774931465953280,14.0,10.0,None,None
658,791672322847637504,13.0,10.0,None,None
659,791406955684368384,12.0,10.0,Levi,None
660,791312159183634433,12.0,10.0,Mabel,None
662,790987426131050500,12.0,10.0,Misty,None
663,790946055508652032,12.0,10.0,Betty,puppo
665,790698755171364864,12.0,10.0,Mosby,None
666,790581949425475584,11.0,10.0,Duke,None
667,790337589677002753,12.0,10.0,Maggie,None
668,790277117346975746,11.0,10.0,Bruce,None
670,789986466051088384,12.0,10.0,Happy,None
672,789903600034189313,13.0,10.0,Ralphy,pupper
673,789628658055020548,13.0,10.0,Eli,None
674,789599242079838210,12.0,10.0,Brownie,None
675,789530877013393408,12.0,10.0,Rizzy,None
676,789314372632018944,13.0,10.0,None,None
678,789268448748703744,10.0,10.0,Stella,None
679,789137962068021249,12.0,10.0,Bo,None
680,788908386943430656,11.0,10.0,Lucy,None
681,788765914992902144,12.0,10.0,Butter,None
683,788412144018661376,11.0,10.0,Dexter,None
684,788178268662984705,13.0,10.0,None,None
685,788150585577050112,13.0,10.0,Leo,None
687,788039637453406209,12.0,10.0,None,None
688,787810552592695296,11.0,10.0,Frank,None
689,787717603741622272,13.0,10.0,Tonks,puppo
690,787397959788929025,11.0,10.0,Moose,None
691,787322443945877504,10.0,10.0,Lincoln,None
693,786963064373534720,12.0,10.0,Rory,None
695,786709082849828864,75.0,10.0,Logan,None
696,786664955043049472,12.0,10.0,None,None
697,786595970293370880,11.0,10.0,Dale,None
698,786363235746385920,13.0,10.0,Rizzo,doggo
699,786286427768250368,12.0,10.0,Arnie,None
700,786233965241827333,11.0,10.0,Mattie,None
701,786051337297522688,13.0,10.0,None,puppo
703,785927819176054784,12.0,10.0,Lucy,None
704,785872687017132033,12.0,10.0,Rusty,None
705,785639753186217984,10.0,10.0,Pinot,doggo
706,785533386513321988,11.0,10.0,Dallas,None
707,785515384317313025,10.0,10.0,None,None
708,785264754247995392,12.0,10.0,Doc,None
709,785170936622350336,11.0,10.0,Hero,None
710,784826020293709826,13.0,10.0,Rusty,None
711,784517518371221505,11.0,10.0,Frankie,None
712,784431430411685888,12.0,10.0,Stormy,None
713,784183165795655680,12.0,10.0,Reginald,puppo
714,784057939640352768,12.0,10.0,Balto,None
715,783839966405230592,13.0,10.0,Riley,None
716,783821107061198850,12.0,10.0,Mairi,None
717,783695101801398276,12.0,10.0,Loomis,None
718,783466772167098368,11.0,10.0,Finn,None
719,783391753726550016,13.0,10.0,Godi,None
721,783334639985389568,12.0,10.0,Dave,None
722,783085703974514689,11.0,10.0,Earl,None
723,782969140009107456,12.0,10.0,Cali,None
724,782747134529531904,11.0,10.0,Deacon,doggo
725,782722598790725632,10.0,10.0,Penny,None
726,782598640137187329,11.0,10.0,Timmy,None
727,782305867769217024,12.0,10.0,Sampson,doggo
729,781955203444699136,11.0,10.0,Chipson,None
730,781661882474196992,5.0,10.0,None,None
731,781655249211752448,11.0,10.0,Combo,doggo
732,781524693396357120,12.0,10.0,None,None
733,781308096455073793,12.0,10.0,None,doggo
734,781251288990355457,11.0,10.0,Oakley,None
735,781163403222056960,10.0,10.0,None,None
736,780931614150983680,13.0,10.0,None,puppo
737,780858289093574656,10.0,10.0,Dash,None
738,780800785462489090,11.0,10.0,Koda,None
739,780601303617732608,12.0,10.0,Hercules,None
740,780543529827336192,12.0,10.0,None,None
743,780459368902959104,11.0,10.0,Bear,None
744,780192070812196864,11.0,10.0,None,None
746,780074436359819264,10.0,10.0,None,doggo
747,779834332596887552,11.0,10.0,Scout,None
748,779377524342161408,12.0,10.0,None,pupper
750,779123168116150273,12.0,10.0,Reggie,None
751,779056095788752897,13.0,10.0,None,None
752,778990705243029504,11.0,10.0,Jay,None
754,778764940568104960,13.0,10.0,None,None
755,778748913645780993,11.0,10.0,Mya,None
756,778650543019483137,10.0,10.0,Strider,None
757,778624900596654080,11.0,10.0,Penny,None
758,778408200802557953,14.0,10.0,None,None
760,778383385161035776,13.0,10.0,Nala,None
761,778286810187399168,11.0,10.0,Stanley,None
762,778039087836069888,12.0,10.0,None,pupper
763,778027034220126208,27.0,10.0,Sophie,pupper
765,777885040357281792,3.0,10.0,Wesley,None
766,777684233540206592,12.0,10.0,None,None
768,777621514455814149,12.0,10.0,Derek,None
769,777189768882946048,12.0,10.0,Jeffrey,None
771,776813020089548800,12.0,10.0,Solomon,None
772,776477788987613185,11.0,10.0,Huck,pupper
774,776218204058357768,13.0,10.0,None,floofer
775,776201521193218049,10.0,10.0,O,None
776,776113305656188928,11.0,10.0,Sampson,pupper
777,776088319444877312,10.0,10.0,None,None
779,775842724423557120,12.0,10.0,Blue,None
780,775733305207554048,11.0,10.0,Anakin,doggo
781,775729183532220416,13.0,10.0,None,None
782,775364825476165632,11.0,10.0,Finley,doggo
783,775350846108426240,12.0,10.0,Maximus,None
785,775085132600442880,13.0,10.0,Tucker,None
786,774757898236878852,12.0,10.0,Finley,None
787,774639387460112384,10.0,10.0,Sprinkles,None
788,774314403806253056,14.0,10.0,None,None
789,773985732834758656,11.0,10.0,Winnie,pupper
790,773922284943896577,12.0,10.0,Heinrich,None
791,773704687002451968,12.0,10.0,Loki,None
792,773670353721753600,10.0,10.0,Shakespeare,None
793,773547596996571136,11.0,10.0,Chelsea,pupper
795,773308824254029826,12.0,10.0,Bungalo,None
796,773247561583001600,10.0,10.0,Chip,None
797,773191612633579521,12.0,10.0,Grey,None
798,772877495989305348,11.0,10.0,None,None
799,772826264096874500,11.0,10.0,Roosevelt,None
801,772581559778025472,10.0,10.0,None,None
802,772193107915964416,12.0,10.0,Willem,pupper
803,772152991789019136,10.0,10.0,None,None
804,772117678702071809,12.0,10.0,Jack,None
805,772114945936949249,10.0,10.0,Finn,None
806,772102971039580160,11.0,10.0,Penny,None
807,771908950375665664,13.0,10.0,None,doggo
808,771770456517009408,11.0,10.0,Davey,None
809,771500966810099713,12.0,10.0,Dakota,None
810,771380798096281600,11.0,10.0,Fizz,None
812,771136648247640064,11.0,10.0,Dixie,None
813,771102124360998913,12.0,10.0,Charlie,None
814,771014301343748096,7.0,10.0,None,None
816,770787852854652928,10.0,10.0,Winston,None
817,770772759874076672,11.0,10.0,Sebastian,None
819,770655142660169732,11.0,10.0,very,None
820,770414278348247044,11.0,10.0,Al,None
821,770293558247038976,10.0,10.0,Jackson,None
823,770069151037685760,10.0,10.0,Carbon,None
824,769940425801170949,12.0,10.0,Klein,None
825,769695466921623552,13.0,10.0,Titan,None
827,769212283578875904,12.0,10.0,DonDon,None
828,768970937022709760,12.0,10.0,Kirby,None
830,768855141948723200,11.0,10.0,Jesse,None
831,768609597686943744,10.0,10.0,Lou,None
832,768596291618299904,12.0,10.0,Oakley,None
834,768473857036525572,11.0,10.0,Chevy,None
835,768193404517830656,8.0,10.0,Gerald,doggo
836,767884188863397888,10.0,10.0,Tito,None
837,767754930266464257,11.0,10.0,Philbert,None
838,767500508068192258,12.0,10.0,Louie,None
839,767191397493538821,13.0,10.0,None,doggo
840,767122157629476866,13.0,10.0,Rupert,None
842,766793450729734144,10.0,10.0,Rufus,None
843,766714921925144576,13.0,10.0,None,None
844,766693177336135680,11.0,10.0,Brudge,None
845,766423258543644672,9.0,10.0,Shadoe,None
846,766313316352462849,12.0,10.0,Oscar,None
848,766069199026450432,12.0,10.0,Juno,None
849,766008592277377025,11.0,10.0,Angel,None
850,765719909049503744,12.0,10.0,Brat,None
851,765669560888528897,12.0,10.0,Tove,None
852,765395769549590528,13.0,10.0,my,None
853,765371061932261376,11.0,10.0,Louie,pupper
854,765222098633691136,10.0,10.0,Gromit,None
855,764857477905154048,12.0,10.0,Aubie,None
856,764259802650378240,10.0,10.0,Kota,None
857,763956972077010945,12.0,10.0,None,doggo
858,763837565564780549,11.0,10.0,Alfie,None
859,763183847194451968,8.0,10.0,Clark,None
861,763103485927849985,10.0,10.0,Belle,None
862,762699858130116608,11.0,10.0,Leela,None
863,762471784394268675,12.0,10.0,Glenn,None
864,762464539388485633,12.0,10.0,Buddy,None
865,762316489655476224,11.0,10.0,Scout,None
866,762035686371364864,14.0,10.0,None,None
867,761976711479193600,12.0,10.0,Shelby,None
869,761745352076779520,11.0,10.0,None,None
870,761672994376806400,10.0,10.0,None,None
871,761599872357261312,11.0,10.0,Sephie,None
873,761334018830917632,10.0,10.0,Bruce,None
874,761292947749015552,11.0,10.0,Bonaparte,None
875,761227390836215808,10.0,10.0,Albert,None
876,761004547850530816,11.0,10.0,Bo,None
877,760893934457552897,11.0,10.0,Wishes,doggo
878,760656994973933572,11.0,10.0,Rose,None
879,760641137271070720,12.0,10.0,Theo,None
880,760539183865880579,12.0,10.0,Atlas,None
881,760521673607086080,12.0,10.0,None,doggo
882,760290219849637889,13.0,10.0,Rocco,None
883,760252756032651264,4.0,10.0,Fido,None
884,760190180481531904,10.0,10.0,Sadie,None
886,759943073749200896,12.0,10.0,None,pupper
887,759923798737051648,10.0,10.0,None,None
888,759846353224826880,11.0,10.0,Kirby,None
889,759793422261743616,12.0,10.0,Maggie,doggo
891,759557299618865152,10.0,10.0,Emma,None
892,759447681597108224,11.0,10.0,Oakley,None
893,759446261539934208,10.0,10.0,None,None
894,759197388317847553,12.0,10.0,Luna,None
896,759099523532779520,7.0,10.0,Toby,None
897,759047813560868866,11.0,10.0,Spencer,None
898,758854675097526272,11.0,10.0,Lilli,None
899,758828659922702336,13.0,10.0,None,doggo
900,758740312047005698,12.0,10.0,Boston,None
901,758474966123810816,11.0,10.0,Brandonald,None
902,758467244762497024,,,None,None
903,758405701903519748,10.0,10.0,Odie,None
904,758355060040593408,11.0,10.0,Corey,None
905,758099635764359168,13.0,10.0,None,None
906,758041019896193024,9.0,10.0,None,None
907,757741869644341248,10.0,10.0,Leonard,None
909,757725642876129280,11.0,10.0,Beckham,None
910,757611664640446465,12.0,10.0,Cooper,None
912,757596066325864448,4.0,10.0,None,None
913,757400162377592832,13.0,10.0,None,None
914,757393109802180609,10.0,10.0,None,doggo
915,757354760399941633,8.0,10.0,Devón,None
916,756998049151549440,11.0,10.0,Oliver,None
917,756939218950160384,12.0,10.0,Jax,pupper
918,756651752796094464,11.0,10.0,Gert,None
919,756526248105566208,13.0,10.0,None,doggo
920,756303284449767430,11.0,10.0,None,None
921,756288534030475264,12.0,10.0,None,None
922,756275833623502848,10.0,10.0,None,puppo
923,755955933503782912,12.0,10.0,None,pupper
924,755206590534418437,14.0,10.0,one,doggo
925,755110668769038337,13.0,10.0,Watson,None
927,754856583969079297,11.0,10.0,Winnie,None
928,754747087846248448,12.0,10.0,Keith,None
929,754482103782404096,10.0,10.0,Milo,None
930,754449512966619136,11.0,10.0,Dex,None
931,754120377874386944,10.0,10.0,None,None
932,754011816964026368,12.0,10.0,Charlie,None
933,753655901052166144,10.0,10.0,None,None
934,753420520834629632,11.0,10.0,None,None
935,753398408988139520,12.0,10.0,Scout,None
936,753375668877008896,8.0,10.0,Hank,None
938,753294487569522689,11.0,10.0,Ace,None
939,753039830821511168,13.0,10.0,None,None
940,753026973505581056,10.0,10.0,Tayzie,None
941,752932432744185856,12.0,10.0,Carl,None
942,752917284578922496,11.0,10.0,Grizzie,None
944,752682090207055872,10.0,10.0,None,doggo
945,752660715232722944,10.0,10.0,None,doggo
946,752568224206688256,9.0,10.0,None,None
947,752519690950500352,11.0,10.0,None,puppo
948,752334515931054080,8.0,10.0,None,doggo
950,752173152931807232,12.0,10.0,Brody,None
951,751950017322246144,13.0,10.0,Lola,pupper
952,751937170840121344,11.0,10.0,Ruby,None
953,751830394383790080,12.0,10.0,Tucker,None
954,751793661361422336,11.0,10.0,Fred,None
955,751598357617971201,13.0,10.0,Toby,None
956,751583847268179968,5.0,10.0,None,doggo
957,751538714308972544,10.0,10.0,Max,None
958,751456908746354688,12.0,10.0,None,pupper
959,751251247299190784,10.0,10.0,Gilbert,None
960,751205363882532864,12.0,10.0,None,None
961,751132876104687617,10.0,10.0,Cooper,puppo
962,750868782890057730,11.0,10.0,Milo,pupper
963,750719632563142656,12.0,10.0,Meyer,None
964,750506206503038976,8.0,10.0,Malcolm,pupper
965,750429297815552001,12.0,10.0,Arnie,None
966,750383411068534784,9.0,10.0,Zoe,pupper
967,750381685133418496,13.0,10.0,None,doggo
968,750147208377409536,13.0,10.0,None,None
969,750132105863102464,11.0,10.0,Stewie,None
970,750117059602808832,10.0,10.0,Calvin,None
971,750101899009982464,11.0,10.0,Lilah,None
972,750086836815486976,12.0,10.0,Spanky,None
973,750071704093859840,10.0,10.0,None,pupper
974,750056684286914561,11.0,10.0,Jameson,None
975,750041628174217216,13.0,10.0,Beau,None
976,750026558547456000,10.0,10.0,Jax,None
977,750011400160841729,11.0,10.0,Piper,doggo
978,749996283729883136,12.0,10.0,Bo,None
979,749981277374128128,1776.0,10.0,Atticus,None
980,749774190421639168,12.0,10.0,Lucy,None
981,749417653287129088,11.0,10.0,Finn,pupper
982,749403093750648834,10.0,10.0,None,None
983,749395845976588288,10.0,10.0,George,None
984,749317047558017024,12.0,10.0,Blu,floofer
985,749075273010798592,11.0,10.0,Boomer,doggo
986,749064354620928000,11.0,10.0,Winston,None
987,749036806121881602,8.0,10.0,Dietrich,None
988,748977405889503236,10.0,10.0,not,None
989,748932637671223296,13.0,10.0,Divine,doggo
990,748705597323898880,13.0,10.0,None,None
991,748699167502000129,11.0,10.0,Tripp,None
992,748692773788876800,10.0,10.0,his,doggo
993,748575535303884801,6.0,10.0,one,None
994,748568946752774144,12.0,10.0,Cora,None
995,748346686624440324,10.0,10.0,None,None
996,748337862848962560,13.0,10.0,None,pupper
997,748324050481647620,11.0,10.0,Duke,None
998,748307329658011649,7.0,10.0,None,None
999,748220828303695873,13.0,10.0,None,None
1000,747963614829678593,10.0,10.0,None,pupper
1001,747933425676525569,11.0,10.0,None,None
1002,747885874273214464,8.0,10.0,None,None
1003,747844099428986880,11.0,10.0,Huxley,None
1004,747816857231626240,4.0,10.0,None,None
1005,747651430853525504,12.0,10.0,None,pupper
1006,747648653817413632,12.0,10.0,Keurig,None
1007,747600769478692864,10.0,10.0,Bookstore,None
1008,747594051852075008,11.0,10.0,None,None
1009,747512671126323200,10.0,10.0,None,None
1010,747461612269887489,10.0,10.0,None,None
1011,747439450712596480,12.0,10.0,Linus,None
1013,747219827526344708,11.0,10.0,Atticus,None
1014,747204161125646336,10.0,10.0,Clark,None
1015,747103485104099331,11.0,10.0,None,None
1016,746906459439529985,0.0,10.0,None,None
1017,746872823977771008,11.0,10.0,None,None
1018,746818907684614144,13.0,10.0,None,None
1019,746790600704425984,10.0,10.0,None,None
1020,746757706116112384,11.0,10.0,Maddie,None
1021,746726898085036033,12.0,10.0,Abby,None
1022,746542875601690625,11.0,10.0,None,floofer
1024,746507379341139972,10.0,10.0,Shiloh,None
1025,746369468511756288,9.0,10.0,None,None
1026,746131877086527488,10.0,10.0,Gustav,None
1027,746056683365994496,11.0,10.0,Arlen,None
1028,745789745784041472,10.0,10.0,Gus,None
1029,745712589599014916,7.0,10.0,Percy,None
1030,745433870967832576,10.0,10.0,Lenox,doggo
1031,745422732645535745,9.0,10.0,very,None
1032,745314880350101504,12.0,10.0,Sugar,None
1033,745074613265149952,11.0,10.0,Jeffrey,None
1034,745057283344719872,12.0,10.0,Oliver,None
1035,744995568523612160,9.0,10.0,Abby,puppo
1036,744971049620602880,12.0,10.0,Indie,None
1037,744709971296780288,10.0,10.0,Harvey,None
1038,744334592493166593,11.0,10.0,Blanket,None
1039,744234799360020481,13.0,10.0,None,doggo
1040,744223424764059648,12.0,10.0,actually,pupper
1041,743980027717509120,11.0,10.0,Geno,None
1042,743895849529389061,10.0,10.0,None,None
1044,743609206067040256,10.0,10.0,Stark,None
1045,743595368194129920,7.0,10.0,Harold,None
1046,743545585370791937,11.0,10.0,Bentley,None
1047,743510151680958465,13.0,10.0,Beya,None
1048,743253157753532416,10.0,10.0,Kilo,puppo
1049,743222593470234624,12.0,10.0,None,pupper
1050,743210557239623680,10.0,10.0,Kayla,None
1051,742534281772302336,11.0,10.0,None,doggo
1052,742528092657332225,10.0,10.0,Maxaroni,None
1053,742465774154047488,14.0,10.0,None,pupper
1054,742423170473463808,12.0,10.0,Bell,None
1055,742385895052087300,11.0,10.0,Phil,None
1056,742161199639494656,12.0,10.0,Doug,None
1057,742150209887731712,8.0,10.0,Edmund,pupper
1058,741793263812808706,10.0,10.0,None,None
1059,741743634094141440,11.0,10.0,Aqua,pupper
1060,741438259667034112,9.0,10.0,Tucker,None
1061,741303864243200000,12.0,10.0,Theodore,None
1062,741099773336379392,11.0,10.0,Ted,None
1063,741067306818797568,12.0,10.0,just,doggo
1064,740995100998766593,10.0,10.0,Leo,None
1065,740711788199743490,9.0,10.0,None,None
1066,740699697422163968,8.0,10.0,Chip,None
1067,740676976021798912,11.0,10.0,Baloo,pupper
1068,740373189193256964,,,None,None
1069,740365076218183684,10.0,10.0,None,None
1070,740359016048689152,9.0,10.0,Chase,None
1071,740214038584557568,10.0,10.0,getting,None
1072,739979191639244800,12.0,10.0,Nollie,None
1073,739932936087216128,10.0,10.0,Rorie,None
1074,739844404073074688,12.0,10.0,Simba,None
1075,739623569819336705,12.0,10.0,None,doggo
1076,739606147276148736,9.0,10.0,Benji,pupper
1077,739544079319588864,10.0,10.0,None,None
1078,739485634323156992,6.0,10.0,Kyle,None
1079,739238157791694849,13.0,10.0,None,doggo
1080,738891149612572673,13.0,10.0,None,None
1081,738885046782832640,11.0,10.0,Charles,None
1082,738883359779196928,10.0,10.0,None,None
1083,738537504001953792,11.0,10.0,Bayley,puppo
1084,738402415918125056,10.0,10.0,None,None
1085,738184450748633089,9.0,10.0,None,None
1086,738166403467907072,12.0,10.0,Axel,None
1087,738156290900254721,10.0,10.0,Storkson,None
1088,737826014890496000,10.0,10.0,Remy,None
1089,737800304142471168,10.0,10.0,Bella,None
1090,737678689543020544,11.0,10.0,None,None
1091,737445876994609152,13.0,10.0,None,floofer
1092,737322739594330112,9.0,10.0,Lily,None
1093,737310737551491075,13.0,10.0,None,None
1094,736736130620620800,13.0,10.0,Chadrick,None
1095,736392552031657984,13.0,10.0,mad,pupper
1096,736365877722001409,11.0,10.0,Rory,pupper
1097,736225175608430592,10.0,10.0,very,None
1098,736010884653420544,10.0,10.0,None,None
1099,735991953473572864,11.0,10.0,Maxaroni,None
1100,735648611367784448,12.0,10.0,None,pupper
1101,735635087207878657,11.0,10.0,Dakota,None
1102,735274964362878976,11.0,10.0,None,None
1103,735256018284875776,8.0,10.0,Kellogg,doggo
1104,735137028879360001,9.0,10.0,Buckley,pupper
1105,734912297295085568,10.0,10.0,Jax,None
1106,734787690684657664,13.0,10.0,None,None
1107,734776360183431168,11.0,10.0,Livvie,None
1108,734559631394082816,10.0,10.0,None,None
1109,733828123016450049,10.0,10.0,Terry,None
1110,733822306246479872,10.0,10.0,Moose,floofer
1111,733482008106668032,10.0,10.0,None,None
1112,733460102733135873,11.0,10.0,Hermione,None
1113,733109485275860992,12.0,10.0,None,doggo
1114,732732193018155009,12.0,10.0,Ralpher,None
1115,732726085725589504,11.0,10.0,Aldrick,None
1116,732585889486888962,10.0,10.0,None,None
1117,732375214819057664,11.0,10.0,Kyle,doggo
1118,732005617171337216,11.0,10.0,Larry,None
1119,731285275100512256,12.0,10.0,Solomon,None
1120,731156023742988288,,,this,None
1121,730924654643314689,9.0,10.0,unacceptable,None
1122,730573383004487680,10.0,10.0,Rooney,pupper
1123,730427201120833536,11.0,10.0,Crystal,None
1124,730211855403241472,11.0,10.0,Ziva,None
1125,730196704625098752,6.0,10.0,Charles,None
1126,729854734790754305,11.0,10.0,Ollie,None
1127,729838605770891264,12.0,10.0,None,None
1128,729823566028484608,13.0,10.0,Stefan,None
1129,729463711119904772,13.0,10.0,Pupcasso,None
1130,729113531270991872,10.0,10.0,None,None
1131,728986383096946689,11.0,10.0,Puff,None
1132,728760639972315136,13.0,10.0,None,None
1133,728751179681943552,10.0,10.0,Flurpson,None
1134,728653952833728512,8.0,10.0,Coleman,None
1135,728409960103686147,10.0,10.0,Wallace,None
1136,728387165835677696,12.0,10.0,Enchilada,None
1137,728046963732717569,11.0,10.0,Raymond,None
1138,728035342121635841,12.0,10.0,all,pupper
1139,728015554473250816,11.0,10.0,Rueben,pupper
1140,727685679342333952,12.0,10.0,Cilantro,None
1141,727644517743104000,13.0,10.0,None,doggo
1142,727524757080539137,10.0,10.0,None,pupper
1143,727314416056803329,11.0,10.0,None,pupper
1144,727286334147182592,9.0,10.0,None,None
1145,727175381690781696,10.0,10.0,Karll,None
1146,727155742655025152,11.0,10.0,None,None
1147,726935089318363137,12.0,10.0,Sprout,None
1148,726887082820554753,10.0,10.0,Blitz,None
1149,726828223124897792,12.0,10.0,Bloop,None
1150,726224900189511680,9.0,10.0,None,None
1151,725842289046749185,12.0,10.0,Colby,None
1152,725786712245440512,11.0,10.0,Lillie,pupper
1153,725729321944506368,12.0,10.0,Lola,None
1154,725458796924002305,13.0,10.0,None,None
1155,724983749226668032,12.0,10.0,Fred,None
1156,724771698126512129,11.0,10.0,None,doggo
1157,724405726123311104,10.0,10.0,Ashleigh,pupper
1158,724049859469295616,10.0,10.0,Kreggory,None
1159,724046343203856385,10.0,10.0,Sarge,None
1160,724004602748780546,11.0,10.0,Luther,pupper
1161,723912936180330496,12.0,10.0,Sugar,None
1162,723688335806480385,12.0,10.0,Reginald,None
1163,723673163800948736,10.0,10.0,Ivar,None
1164,723179728551723008,8.0,10.0,Jangle,None
1165,722974582966214656,,,None,None
1166,722613351520608256,12.0,10.0,Schnitzel,None
1167,721503162398597120,11.0,10.0,Panda,None
1168,721001180231503872,11.0,10.0,Oliver,pupper
1169,720785406564900865,12.0,10.0,Archie,None
1170,720775346191278080,10.0,10.0,Berkeley,None
1171,720415127506415616,10.0,10.0,None,None
1172,720389942216527872,11.0,10.0,Ralphé,None
1173,720340705894408192,10.0,10.0,Derek,pupper
1174,720059472081784833,9.0,10.0,Charleson,None
1175,720043174954147842,11.0,10.0,Neptune,None
1176,719991154352222208,10.0,10.0,None,doggo
1177,719704490224398336,12.0,10.0,Clyde,pupper
1178,719551379208073216,10.0,10.0,Harnold,None
1179,719367763014393856,11.0,10.0,Sid,None
1180,719339463458033665,10.0,10.0,Lucy,None
1181,719332531645071360,11.0,10.0,Pippa,None
1182,718971898235854848,10.0,10.0,Sadie,None
1183,718939241951195136,12.0,10.0,Otis,None
1184,718631497683582976,10.0,10.0,None,None
1185,718613305783398402,11.0,10.0,Carper,None
1186,718540630683709445,10.0,10.0,None,None
1187,718460005985447936,9.0,10.0,Bowie,None
1188,718454725339934721,13.0,10.0,None,None
1189,718246886998687744,3.0,10.0,Alexanderson,None
1190,718234618122661888,11.0,10.0,Suki,None
1191,717841801130979328,11.0,10.0,Barclay,None
1192,717790033953034240,10.0,10.0,None,pupper
1193,717537687239008257,11.0,10.0,None,None
1194,717428917016076293,11.0,10.0,Skittle,None
1195,717421804990701568,9.0,10.0,Ebby,None
1196,717047459982213120,12.0,10.0,Flávio,None
1197,717009362452090881,10.0,10.0,Smokey,pupper
1198,716802964044845056,10.0,10.0,Link,None
1199,716791146589110272,11.0,10.0,Jennifur,None
1200,716730379797970944,12.0,10.0,None,None
1201,716447146686459905,13.0,10.0,Ozzy,pupper
1202,716439118184652801,,,Bluebert,None
1203,716285507865542656,12.0,10.0,Stephanus,None
1204,716080869887381504,11.0,10.0,None,doggo
1205,715928423106027520,11.0,10.0,Bubbles,None
1206,715758151270801409,13.0,10.0,old,None
1207,715733265223708672,10.0,10.0,None,None
1208,715704790270025728,11.0,10.0,Bentley,None
1209,715696743237730304,10.0,10.0,Toby,None
1210,715680795826982913,12.0,10.0,Zeus,None
1211,715360349751484417,11.0,10.0,Bertson,None
1212,715342466308784130,10.0,10.0,Oscar,None
1213,715220193576927233,10.0,10.0,Nico,None
1214,715200624753819648,12.0,10.0,Michelangelope,None
1215,715009755312439296,12.0,10.0,Siba,None
1216,714982300363173890,9.0,10.0,Calbert,None
1217,714962719905021952,12.0,10.0,None,None
1218,714957620017307648,10.0,10.0,Curtis,None
1219,714631576617938945,4.0,10.0,Benedict,None
1220,714606013974974464,12.0,10.0,None,None
1221,714485234495041536,10.0,10.0,Blitz,None
1222,714258258790387713,10.0,10.0,Travis,None
1223,714251586676113411,8.0,10.0,Thumas,None
1224,714214115368108032,13.0,10.0,None,None
1225,714141408463036416,10.0,10.0,None,None
1226,713919462244790272,12.0,10.0,Kanu,None
1227,713909862279876608,12.0,10.0,Doug,None
1228,713900603437621249,,,None,None
1229,713761197720473600,12.0,10.0,Piper,None
1230,713411074226274305,11.0,10.0,None,None
1231,713177543487135744,10.0,10.0,Lance,None
1232,713175907180089344,10.0,10.0,Opie,None
1233,712809025985978368,10.0,10.0,Stubert,None
1234,712717840512598017,10.0,10.0,None,None
1235,712668654853337088,10.0,10.0,Sunny,None
1236,712438159032893441,11.0,10.0,Kane,None
1237,712309440758808576,12.0,10.0,None,pupper
1238,712097430750289920,10.0,10.0,None,None
1239,712092745624633345,7.0,10.0,Steven,None
1240,712085617388212225,11.0,10.0,Olive,None
1241,712065007010385924,6.0,10.0,Chester,None
1243,711968124745228288,10.0,10.0,Winston,pupper
1244,711743778164514816,11.0,10.0,Roosevelt,None
1245,711732680602345472,10.0,10.0,None,None
1246,711694788429553666,13.0,10.0,None,None
1247,711652651650457602,9.0,10.0,Gary,None
1248,711363825979756544,11.0,10.0,None,None
1249,711306686208872448,3.0,10.0,None,None
1250,711008018775851008,11.0,10.0,Chuckles,pupper
1251,710997087345876993,12.0,10.0,Milo,None
1252,710844581445812225,10.0,10.0,Staniel,None
1253,710833117892898816,12.0,10.0,Sora,None
1254,710658690886586372,,,None,None
1255,710609963652087808,12.0,10.0,None,None
1256,710588934686908417,12.0,10.0,Beemo,None
1257,710296729921429505,12.0,10.0,Oshie,None
1258,710283270106132480,11.0,10.0,Gunner,None
1259,710272297844797440,11.0,10.0,infuriating,None
1260,710269109699739648,13.0,10.0,None,None
1261,710153181850935296,11.0,10.0,Lacy,None
1262,710140971284037632,8.0,10.0,Tater,None
1263,710117014656950272,11.0,10.0,None,pupper
1264,709918798883774466,12.0,10.0,Watson,None
1265,709901256215666688,12.0,10.0,None,None
1266,709852847387627521,12.0,10.0,None,None
1267,709566166965075968,12.0,10.0,Olaf,None
1268,709556954897764353,12.0,10.0,Cecil,None
1269,709519240576036864,9.0,10.0,Vince,None
1270,709449600415961088,10.0,10.0,Karma,None
1271,709409458133323776,8.0,10.0,Billy,None
1272,709225125749587968,11.0,10.0,Walker,None
1273,709207347839836162,11.0,10.0,Penny,None
1274,709198395643068416,,,None,None
1275,709179584944730112,13.0,10.0,Sammy,None
1276,709158332880297985,10.0,10.0,Rodney,None
1277,709042156699303936,9.0,10.0,Klevin,None
1278,708853462201716736,8.0,10.0,Lucy,None
1279,708845821941387268,9.0,10.0,None,pupper
1280,708834316713893888,10.0,10.0,Malikai,None
1281,708810915978854401,10.0,10.0,Mister,None
1282,708738143638450176,11.0,10.0,Coco,None
1283,708711088997666817,11.0,10.0,Smokey,None
1284,708479650088034305,13.0,10.0,Bear,None
1285,708469915515297792,11.0,10.0,Bobble,None
1286,708400866336894977,12.0,10.0,None,None
1287,708356463048204288,10.0,10.0,Oliver,None
1288,708349470027751425,11.0,10.0,River,None
1289,708149363256774660,10.0,10.0,Jebberson,None
1290,708130923141795840,11.0,10.0,None,None
1291,708119489313951744,9.0,10.0,Cooper,None
1292,708109389455101952,10.0,10.0,Remington,None
1293,708026248782585858,13.0,10.0,None,None
1294,707995814724026368,12.0,10.0,Farfle,None
1295,707983188426153984,12.0,10.0,None,None
1296,707969809498152960,11.0,10.0,Rufus,None
1297,707776935007539200,11.0,10.0,Sadie,None
1298,707741517457260545,10.0,10.0,None,None
1299,707738799544082433,12.0,10.0,None,None
1300,707693576495472641,7.0,10.0,Jiminus,None
1301,707629649552134146,10.0,10.0,None,None
1302,707610948723478529,12.0,10.0,Harper,None
1303,707420581654872064,4.0,10.0,Keurig,None
1304,707411934438625280,11.0,10.0,None,pupper
1305,707387676719185920,10.0,10.0,Clarkus,None
1306,707377100785885184,9.0,10.0,None,None
1307,707315916783140866,10.0,10.0,Finnegus,pupper
1308,707297311098011648,10.0,10.0,Cassie,None
1309,707059547140169728,11.0,10.0,Cupcake,None
1310,707038192327901184,10.0,10.0,Kathmandu,None
1311,707021089608753152,12.0,10.0,Tucker,None
1312,707014260413456384,11.0,10.0,Ellie,None
1313,706904523814649856,13.0,10.0,None,None
1314,706901761596989440,3.0,10.0,Elliot,None
1315,706681918348251136,12.0,10.0,Katie,None
1316,706644897839910912,9.0,10.0,Shadow,None
1317,706593038911545345,10.0,10.0,None,None
1318,706538006853918722,11.0,10.0,Oliver,None
1319,706516534877929472,12.0,10.0,None,None
1320,706346369204748288,12.0,10.0,Koda,None
1321,706310011488698368,12.0,10.0,None,pupper
1322,706291001778950144,11.0,10.0,None,None
1323,706265994973601792,11.0,10.0,Kara,None
1324,706169069255446529,12.0,10.0,None,None
1325,706166467411222528,7.0,10.0,Dexter,None
1326,706153300320784384,13.0,10.0,Layla,None
1327,705975130514706432,10.0,10.0,Adele,pupper
1328,705970349788291072,12.0,10.0,Lucy,None
1329,705898680587526145,10.0,10.0,Max,None
1330,705786532653883392,11.0,10.0,None,pupper
1331,705591895322394625,11.0,10.0,None,None
1332,705475953783398401,12.0,10.0,Zara,None
1333,705442520700944385,12.0,10.0,Cooper,None
1334,705428427625635840,11.0,10.0,Ambrose,pupper
1335,705239209544720384,11.0,10.0,Jimothy,None
1336,705223444686888960,9.0,10.0,Bode,None
1337,705102439679201280,10.0,10.0,Terrenth,None
1338,705066031337840642,12.0,10.0,Reese,None
1339,704871453724954624,12.0,10.0,None,None
1340,704859558691414016,10.0,10.0,None,pupper
1341,704847917308362754,12.0,10.0,None,None
1342,704819833553219584,7.0,10.0,Chesterson,None
1343,704761120771465216,13.0,10.0,None,pupper
1344,704499785726889984,12.0,10.0,None,None
1345,704491224099647488,13.0,10.0,None,None
1346,704480331685040129,11.0,10.0,Lucia,None
1347,704364645503647744,12.0,10.0,Bisquick,None
1348,704347321748819968,10.0,10.0,Ralphson,pupper
1349,704134088924532736,12.0,10.0,None,pupper
1350,704113298707505153,8.0,10.0,Stanley,None
1351,704054845121142784,,,None,None
1352,703774238772166656,10.0,10.0,None,None
1353,703769065844768768,10.0,10.0,None,None
1354,703631701117943808,11.0,10.0,Bella,None
1355,703611486317502464,10.0,10.0,Scooter,pupper
1356,703425003149250560,9.0,10.0,None,None
1357,703407252292673536,10.0,10.0,None,pupper
1358,703382836347330562,12.0,10.0,Charlie,None
1359,703356393781329922,9.0,10.0,Socks,None
1360,703268521220972544,12.0,10.0,None,pupper
1361,703079050210877440,11.0,10.0,None,None
1362,703041949650034688,10.0,10.0,None,None
1363,702932127499816960,6.0,10.0,Chip,None
1364,702899151802126337,12.0,10.0,Luna,None
1365,702684942141153280,11.0,10.0,Lucy,None
1366,702671118226825216,10.0,10.0,Rambo,None
1367,702598099714314240,11.0,10.0,Sansa,pupper
1368,702539513671897089,12.0,10.0,None,None
1369,702332542343577600,13.0,10.0,Rudy,None
1370,702321140488925184,12.0,10.0,None,None
1371,702276748847800320,11.0,10.0,None,None
1372,702217446468493312,9.0,10.0,None,None
1373,701981390485725185,12.0,10.0,Fiji,None
1374,701952816642965504,11.0,10.0,Rilo,None
1375,701889187134500865,11.0,10.0,Bilbo,None
1376,701805642395348998,11.0,10.0,None,pupper
1377,701601587219795968,10.0,10.0,Coopson,None
1378,701570477911896070,9.0,10.0,Yoda,None
1379,701545186879471618,10.0,10.0,Millie,pupper
1380,701214700881756160,12.0,10.0,None,None
1381,700890391244103680,11.0,10.0,Chet,None
1382,700864154249383937,12.0,10.0,None,pupper
1383,700847567345688576,10.0,10.0,Crouton,None
1384,700796979434098688,7.0,10.0,Daniel,None
1385,700747788515020802,11.0,10.0,very,None
1386,700518061187723268,10.0,10.0,Vincent,None
1387,700505138482569216,12.0,10.0,Kaia,None
1388,700462010979500032,6.0,10.0,Murphy,None
1389,700167517596164096,10.0,10.0,Dotsy,None
1390,700151421916807169,11.0,10.0,None,pupper
1391,700143752053182464,10.0,10.0,None,pupper
1392,700062718104104960,6.0,10.0,Eazy,None
1393,700029284593901568,10.0,10.0,Coops,None
1394,700002074055016451,9.0,10.0,Thumas,None
1395,699801817392291840,11.0,10.0,Cooper,pupper
1396,699788877217865730,12.0,10.0,Nala,None
1397,699779630832685056,10.0,10.0,None,None
1398,699775878809702401,11.0,10.0,Fillup,None
1399,699691744225525762,5.0,10.0,Dave,None
1400,699446877801091073,12.0,10.0,Archie,None
1401,699434518667751424,12.0,10.0,None,pupper
1402,699423671849451520,10.0,10.0,None,None
1403,699413908797464576,11.0,10.0,Miley,None
1404,699370870310113280,11.0,10.0,Calbert,None
1405,699323444782047232,10.0,10.0,None,None
1406,699088579889332224,3.0,10.0,Charl,None
1407,699079609774645248,8.0,10.0,Reagan,None
1408,699072405256409088,12.0,10.0,None,None
1409,699060279947165696,12.0,10.0,Yukon,None
1410,699036661657767936,13.0,10.0,None,pupper
1411,698989035503689728,13.0,10.0,Oliver,None
1412,698953797952008193,11.0,10.0,CeCe,None
1413,698907974262222848,10.0,10.0,None,None
1414,698710712454139905,10.0,10.0,Cuddles,None
1415,698703483621523456,7.0,10.0,Rusty,None
1416,698635131305795584,12.0,10.0,None,None
1417,698549713696649216,9.0,10.0,Claude,None
1418,698355670425473025,10.0,10.0,Jessiga,None
1419,698342080612007937,11.0,10.0,Maximus,None
1420,698262614669991936,11.0,10.0,Franklin,None
1421,698195409219559425,9.0,10.0,Beau,None
1422,698178924120031232,10.0,10.0,Lily,None
1423,697995514407682048,11.0,10.0,None,None
1424,697990423684476929,11.0,10.0,Doug,None
1425,697943111201378304,10.0,10.0,Cassie,None
1426,697881462549430272,10.0,10.0,Carter,None
1427,697630435728322560,8.0,10.0,None,None
1428,697616773278015490,11.0,10.0,None,pupper
1429,697596423848730625,11.0,10.0,None,pupper
1430,697575480820686848,8.0,10.0,Ole,None
1431,697516214579523584,9.0,10.0,Pherb,None
1432,697482927769255936,11.0,10.0,Blipson,None
1433,697463031882764288,,,None,None
1434,697270446429966336,10.0,10.0,Bentley,None
1435,697259378236399616,8.0,10.0,getting,None
1436,697255105972801536,10.0,10.0,Charlie,None
1437,697242256848379904,10.0,10.0,Oakley,None
1438,696900204696625153,12.0,10.0,Rosie,None
1439,696894894812565505,9.0,10.0,None,None
1440,696886256886657024,12.0,10.0,None,None
1441,696877980375769088,9.0,10.0,Misty,pupper
1442,696754882863349760,10.0,10.0,Reptar,None
1443,696744641916489729,10.0,10.0,Klevin,None
1444,696713835009417216,9.0,10.0,Trevith,pupper
1445,696518437233913856,10.0,10.0,None,pupper
1446,696490539101908992,1.0,10.0,None,None
1447,696488710901260288,12.0,10.0,None,None
1448,696405997980676096,7.0,10.0,Berb,None
1449,696100768806522880,10.0,10.0,None,pupper
1450,695816827381944320,11.0,10.0,None,None
1451,695794761660297217,13.0,10.0,Wyatt,None
1452,695767669421768709,13.0,10.0,None,None
1453,695629776980148225,8.0,10.0,Calvin,None
1454,695446424020918272,12.0,10.0,None,None
1455,695409464418041856,10.0,10.0,Bob,None
1456,695314793360662529,10.0,10.0,Colin,None
1457,695095422348574720,12.0,10.0,just,pupper
1458,695074328191332352,11.0,10.0,Lorenzo,pupper
1459,695064344191721472,4.0,10.0,None,None
1460,695051054296211456,6.0,10.0,Brian,None
1461,694925794720792577,5.0,10.0,None,None
1462,694905863685980160,10.0,10.0,Archie,None
1463,694669722378485760,12.0,10.0,Phil,None
1464,694356675654983680,10.0,10.0,None,pupper
1465,694352839993344000,10.0,10.0,Oliviér,None
1466,694342028726001664,11.0,10.0,None,None
1467,694329668942569472,9.0,10.0,Grady,pupper
1468,694206574471057408,10.0,10.0,None,None
1469,694183373896572928,9.0,10.0,Lola,None
1470,694001791655137281,11.0,10.0,Chester,None
1471,693993230313091072,12.0,10.0,None,None
1472,693942351086120961,10.0,10.0,Kobe,None
1473,693647888581312512,7.0,10.0,None,None
1474,693644216740769793,10.0,10.0,None,None
1475,693642232151285760,9.0,10.0,Freddery,None
1476,693629975228977152,12.0,10.0,None,pupper
1477,693622659251335168,10.0,10.0,None,None
1478,693590843962331137,3.0,10.0,Phil,pupper
1479,693582294167244802,11.0,10.0,None,None
1480,693486665285931008,11.0,10.0,Lincoln,None
1481,693280720173801472,10.0,10.0,Sadie,None
1482,693267061318012928,12.0,10.0,Oscar,None
1483,693262851218264065,11.0,10.0,None,pupper
1484,693231807727280129,9.0,10.0,Bodie,None
1485,693155686491000832,12.0,10.0,Dunkin,None
1486,693109034023534592,11.0,10.0,None,None
1487,693095443459342336,10.0,10.0,Milo,pupper
1488,692919143163629568,9.0,10.0,None,None
1489,692905862751522816,10.0,10.0,Wally,pupper
1490,692901601640583168,10.0,10.0,None,None
1491,692894228850999298,10.0,10.0,Tupawc,None
1492,692828166163931137,12.0,10.0,None,pupper
1493,692752401762250755,13.0,10.0,None,pupper
1494,692568918515392513,12.0,10.0,Chester,None
1495,692535307825213440,10.0,10.0,Amber,None
1496,692530551048294401,10.0,10.0,Cody,None
1497,692423280028966913,9.0,10.0,None,None
1498,692417313023332352,7.0,10.0,Herschel,pupper
1499,692187005137076224,12.0,10.0,None,None
1500,692158366030913536,10.0,10.0,Edgar,None
1501,692142790915014657,13.0,10.0,None,None
1502,692041934689402880,13.0,10.0,Teddy,None
1503,692017291282812928,9.0,10.0,Kingsley,None
1504,691820333922455552,8.0,10.0,Brockly,None
1505,691793053716221953,10.0,10.0,None,None
1506,691756958957883396,10.0,10.0,None,None
1507,691675652215414786,10.0,10.0,Richie,None
1508,691483041324204033,5.0,10.0,None,None
1509,691459709405118465,12.0,10.0,Leo,None
1510,691444869282295808,12.0,10.0,Bailey,None
1511,691416866452082688,13.0,10.0,None,None
1512,691321916024623104,11.0,10.0,Molly,None
1513,691096613310316544,11.0,10.0,None,None
1514,691090071332753408,12.0,10.0,None,None
1515,690989312272396288,12.0,10.0,None,None
1516,690959652130045952,11.0,10.0,None,None
1517,690938899477221376,10.0,10.0,None,None
1518,690932576555528194,12.0,10.0,Buddy,None
1519,690735892932222976,13.0,10.0,Peaches,None
1520,690728923253055490,8.0,10.0,Vinscent,None
1521,690690673629138944,10.0,10.0,Cedrick,None
1522,690649993829576704,11.0,10.0,Hazel,None
1523,690607260360429569,12.0,10.0,None,None
1524,690597161306841088,11.0,10.0,Lolo,None
1525,690400367696297985,10.0,10.0,Eriq,None
1526,690374419777196032,11.0,10.0,Phred,None
1527,690360449368465409,9.0,10.0,None,None
1528,690348396616552449,12.0,10.0,Oddie,None
1529,690248561355657216,11.0,10.0,Maxwell,None
1530,690021994562220032,10.0,10.0,Geoff,None
1531,690015576308211712,12.0,10.0,None,pupper
1532,690005060500217858,10.0,10.0,None,None
1533,689999384604450816,10.0,10.0,Covach,None
1534,689993469801164801,12.0,10.0,None,floofer
1535,689977555533848577,12.0,10.0,None,None
1536,689905486972461056,11.0,10.0,Gizmo,pupper
1537,689877686181715968,9.0,10.0,Durg,None
1538,689835978131935233,11.0,10.0,Fynn,None
1539,689661964914655233,12.0,10.0,Luca,None
1540,689659372465688576,8.0,10.0,Ricky,None
1541,689623661272240129,10.0,10.0,Lucy,pupper
1542,689599056876867584,11.0,10.0,None,None
1543,689557536375177216,12.0,10.0,None,None
1544,689517482558820352,12.0,10.0,Carl,None
1545,689289219123089408,13.0,10.0,None,None
1546,689283819090870273,9.0,10.0,Chipson,None
1547,689280876073582592,10.0,10.0,Herald,None
1548,689275259254616065,10.0,10.0,Lucky,None
1549,689255633275777024,10.0,10.0,Ferg,None
1550,689154315265683456,9.0,10.0,None,None
1551,689143371370250240,10.0,10.0,Trip,pupper
1552,688916208532455424,11.0,10.0,None,pupper
1553,688908934925697024,8.0,10.0,Clarence,None
1554,688898160958271489,10.0,10.0,None,None
1555,688894073864884227,7.0,10.0,Hamrick,pupper
1556,688828561667567616,9.0,10.0,Brad,None
1557,688804835492233216,12.0,10.0,None,None
1558,688789766343622656,8.0,10.0,Pubert,None
1559,688547210804498433,9.0,10.0,Frönq,None
1560,688519176466644993,12.0,10.0,None,pupper
1561,688385280030670848,12.0,10.0,Louis,None
1562,688211956440801280,13.0,10.0,Derby,None
1563,688179443353796608,10.0,10.0,Lizzie,pupper
1564,688116655151435777,10.0,10.0,None,None
1565,688064179421470721,11.0,10.0,Kilo,None
1566,687841446767013888,13.0,10.0,None,None
1567,687826841265172480,12.0,10.0,Louis,None
1568,687818504314159109,12.0,10.0,None,pupper
1569,687807801670897665,11.0,10.0,Trooper,None
1570,687732144991551489,11.0,10.0,Ember,None
1571,687704180304273409,9.0,10.0,Blakely,pupper
1572,687664829264453632,11.0,10.0,Opal,None
1573,687494652870668288,7.0,10.0,Marq,None
1574,687480748861947905,12.0,10.0,None,None
1575,687476254459715584,11.0,10.0,Curtis,pupper
1576,687460506001633280,10.0,10.0,Kramer,None
1577,687399393394311168,10.0,10.0,Barry,None
1578,687317306314240000,11.0,10.0,Tyrone,None
1579,687312378585812992,7.0,10.0,None,pupper
1580,687127927494963200,9.0,10.0,Gordon,None
1581,687124485711986689,11.0,10.0,Samson,None
1582,687109925361856513,11.0,10.0,Baxter,None
1583,687102708889812993,5.0,10.0,None,None
1584,687096057537363968,11.0,10.0,None,pupper
1585,686947101016735744,11.0,10.0,Jackson,None
1586,686760001961103360,12.0,10.0,None,pupper
1587,686749460672679938,8.0,10.0,None,None
1588,686730991906516992,12.0,10.0,None,None
1589,686683045143953408,11.0,10.0,Mona,pupper
1590,686618349602762752,11.0,10.0,Olivia,pupper
1591,686606069955735556,10.0,10.0,Horace,None
1592,686394059078897668,12.0,10.0,None,None
1593,686386521809772549,11.0,10.0,Crimson,None
1594,686377065986265092,10.0,10.0,Birf,pupper
1595,686358356425093120,10.0,10.0,None,None
1596,686286779679375361,12.0,10.0,None,None
1597,686050296934563840,11.0,10.0,Flávio,None
1598,686035780142297088,,,None,None
1599,686034024800862208,12.0,10.0,None,None
1600,686007916130873345,11.0,10.0,None,pupper
1601,686003207160610816,3.0,10.0,Hammond,None
1602,685973236358713344,11.0,10.0,Lorelei,None
1603,685943807276412928,8.0,10.0,None,pupper
1604,685906723014619143,9.0,10.0,Olive,None
1605,685681090388975616,14.0,10.0,None,None
1606,685667379192414208,9.0,10.0,Marty,pupper
1607,685663452032069632,12.0,10.0,Brooks,None
1608,685641971164143616,7.0,10.0,Otis,pupper
1609,685547936038666240,14.0,10.0,None,pupper
1610,685532292383666176,9.0,10.0,None,None
1611,685325112850124800,10.0,10.0,None,None
1612,685321586178670592,10.0,10.0,Rocky,None
1613,685315239903100929,11.0,10.0,None,None
1614,685307451701334016,11.0,10.0,Petrick,floofer
1615,685268753634967552,10.0,10.0,Hubertson,pupper
1616,685198997565345792,11.0,10.0,Alfie,None
1617,685169283572338688,11.0,10.0,Gerbald,pupper
1618,684969860808454144,5.0,10.0,None,None
1619,684959798585110529,5.0,10.0,Jerry,None
1620,684940049151070208,12.0,10.0,Oreo,None
1621,684926975086034944,11.0,10.0,Bruiser,None
1622,684914660081053696,12.0,10.0,None,None
1623,684902183876321280,11.0,10.0,Perry,None
1624,684880619965411328,5.0,10.0,None,pupper
1625,684830982659280897,13.0,10.0,None,pupper
1626,684800227459624960,11.0,10.0,Theodore,None
1627,684594889858887680,10.0,10.0,None,None
1628,684588130326986752,12.0,10.0,None,pupper
1629,684567543613382656,4.0,10.0,Bobby,None
1630,684538444857667585,12.0,10.0,None,None
1631,684481074559381504,10.0,10.0,Pippa,None
1632,684460069371654144,10.0,10.0,Jeph,None
1633,684241637099323392,12.0,10.0,Obi,None
1634,684225744407494656,,,None,None
1635,684222868335505415,,,None,None
1636,684200372118904832,6.0,10.0,None,None
1637,684195085588783105,9.0,10.0,Tino,None
1638,684188786104872960,10.0,10.0,None,None
1639,684177701129875456,10.0,10.0,Kulet,None
1640,684147889187209216,12.0,10.0,Sweets,pupper
1641,684122891630342144,11.0,10.0,None,None
1642,684097758874210310,10.0,10.0,Lupe,None
1643,683857920510050305,10.0,10.0,Sadie,None
1644,683852578183077888,10.0,10.0,Tiger,None
1645,683849932751646720,5.0,10.0,Jiminy,None
1646,683834909291606017,9.0,10.0,None,pupper
1647,683828599284170753,12.0,10.0,None,pupper
1648,683773439333797890,9.0,10.0,Buddy,None
1649,683742671509258241,11.0,10.0,Sebastian,None
1650,683515932363329536,11.0,10.0,None,None
1651,683498322573824003,11.0,10.0,Griffin,None
1652,683481228088049664,11.0,10.0,Banjo,pupper
1653,683462770029932544,8.0,10.0,None,pupper
1654,683449695444799489,10.0,10.0,None,None
1655,683391852557561860,11.0,10.0,Jack,None
1656,683357973142474752,10.0,10.0,None,None
1657,683142553609318400,9.0,10.0,Brandy,pupper
1658,683111407806746624,10.0,10.0,Larry,pupper
1659,683098815881154561,12.0,10.0,None,None
1660,683078886620553216,9.0,10.0,None,pupper
1661,683030066213818368,10.0,10.0,Lulu,None
1662,682962037429899265,,,Darrel,None
1663,682808988178739200,,,None,None
1664,682788441537560576,12.0,10.0,None,pupper
1665,682750546109968385,9.0,10.0,Taco,None
1666,682697186228989953,12.0,10.0,None,None
1667,682662431982772225,11.0,10.0,Joey,None
1668,682638830361513985,12.0,10.0,None,None
1669,682429480204398592,8.0,10.0,None,None
1670,682406705142087680,7.0,10.0,Patrick,pupper
1671,682393905736888321,11.0,10.0,Kreg,None
1672,682389078323662849,9.0,10.0,Brody,None
1673,682303737705140231,9.0,10.0,Todo,None
1674,682259524040966145,9.0,10.0,Jax,None
1675,682242692827447297,11.0,10.0,Samson,None
1676,682088079302213632,12.0,10.0,None,None
1677,682059653698686977,11.0,10.0,Tess,None
1678,682047327939461121,10.0,10.0,None,None
1679,682032003584274432,11.0,10.0,Ulysses,None
1680,682003177596559360,5.0,10.0,None,None
1681,681981167097122816,12.0,10.0,Jimothy,None
1682,681891461017812993,10.0,10.0,Charlie,pupper
1683,681694085539872773,11.0,10.0,Bo,pupper
1684,681679526984871937,7.0,10.0,None,pupper
1685,681654059175129088,12.0,10.0,Toffee,pupper
1686,681610798867845120,12.0,10.0,None,None
1687,681579835668455424,8.0,10.0,Apollo,None
1688,681523177663676416,12.0,10.0,Carly,None
1689,681340665377193984,5.0,10.0,None,None
1690,681339448655802368,9.0,10.0,Asher,None
1691,681320187870711809,11.0,10.0,Glacier,None
1692,681302363064414209,3.0,10.0,Chuck,None
1693,681297372102656000,12.0,10.0,actually,None
1694,681281657291280384,11.0,10.0,Sarge,None
1695,681261549936340994,9.0,10.0,Panda,None
1696,681242418453299201,10.0,10.0,Champ,None
1697,681231109724700672,11.0,10.0,None,pupper
1698,681193455364796417,11.0,10.0,Aspen,None
1699,680970795137544192,9.0,10.0,None,None
1700,680959110691590145,9.0,10.0,Ozzie,None
1701,680940246314430465,4.0,10.0,Alice,None
1702,680934982542561280,10.0,10.0,Sadie,None
1703,680913438424612864,11.0,10.0,Griswold,None
1704,680889648562991104,9.0,10.0,Cheesy,None
1705,680836378243002368,12.0,10.0,Ellie,pupper
1706,680805554198020098,9.0,10.0,None,None
1707,680801747103793152,10.0,10.0,None,None
1708,680798457301471234,6.0,10.0,Moofasa,None
1709,680609293079592961,9.0,10.0,Brody,None
1710,680583894916304897,8.0,10.0,Penny,None
1711,680497766108381184,12.0,10.0,Percy,None
1712,680494726643068929,26.0,10.0,None,None
1713,680473011644985345,10.0,10.0,Hector,pupper
1714,680440374763077632,11.0,10.0,None,None
1715,680221482581123072,10.0,10.0,CeCe,None
1716,680206703334408192,12.0,10.0,Toby,None
1717,680191257256136705,11.0,10.0,None,pupper
1718,680176173301628928,10.0,10.0,None,pupper
1719,680161097740095489,12.0,10.0,Goliath,None
1720,680145970311643136,10.0,10.0,Kawhi,pupper
1721,680130881361686529,10.0,10.0,Reggie,None
1722,680115823365742593,9.0,10.0,Ozzy,None
1723,680100725817409536,11.0,10.0,None,pupper
1724,680085611152338944,12.0,10.0,by,None
1725,680070545539371008,9.0,10.0,Emmie,None
1726,680055455951884288,10.0,10.0,Sammy,None
1727,679877062409191424,5.0,10.0,Penelope,None
1728,679872969355714560,10.0,10.0,Rocco,None
1729,679862121895714818,11.0,10.0,None,None
1730,679854723806179328,7.0,10.0,Bruce,None
1731,679844490799091713,10.0,10.0,Willie,None
1732,679828447187857408,13.0,10.0,None,pupper
1733,679777920601223168,10.0,10.0,Rinna,pupper
1734,679736210798047232,9.0,10.0,None,None
1735,679729593985699840,8.0,10.0,Hunter,None
1736,679722016581222400,8.0,10.0,Mike,None
1737,679530280114372609,7.0,10.0,None,None
1738,679527802031484928,11.0,10.0,None,pupper
1739,679511351870550016,7.0,10.0,William,None
1740,679503373272485890,8.0,10.0,Dwight,pupper
1741,679475951516934144,9.0,10.0,Evy,None
1742,679462823135686656,11.0,10.0,Hurley,None
1743,679405845277462528,10.0,10.0,None,None
1744,679158373988876288,11.0,10.0,Rubio,None
1745,679148763231985668,8.0,10.0,None,None
1746,679132435750195208,10.0,10.0,Louis,None
1747,679111216690831360,12.0,10.0,officially,None
1748,679062614270468097,11.0,10.0,Chompsky,None
1749,679047485189439488,9.0,10.0,None,None
1750,679001094530465792,11.0,10.0,Rascal,None
1751,678991772295516161,12.0,10.0,None,None
1752,678969228704284672,11.0,10.0,Lola,None
1753,678800283649069056,12.0,10.0,None,pupper
1754,678798276842360832,7.0,10.0,Linda,None
1755,678774928607469569,11.0,10.0,Tug,None
1756,678767140346941444,8.0,10.0,Mia,None
1757,678764513869611008,10.0,10.0,Wilson,None
1758,678755239630127104,10.0,10.0,Dash,None
1759,678740035362037760,6.0,10.0,Tango,None
1760,678708137298427904,10.0,10.0,None,pupper
1761,678675843183484930,2.0,10.0,None,None
1762,678643457146150913,10.0,10.0,Grizz,None
1763,678446151570427904,10.0,10.0,None,None
1764,678424312106393600,2.0,10.0,Crystal,None
1765,678410210315247616,10.0,10.0,Jerome,None
1766,678399652199309312,12.0,10.0,None,None
1767,678396796259975168,12.0,10.0,None,None
1768,678389028614488064,11.0,10.0,Bella,pupper
1769,678380236862578688,10.0,10.0,Crumpet,None
1770,678341075375947776,12.0,10.0,None,pupper
1771,678334497360859136,10.0,10.0,Rosie,None
1772,678278586130948096,10.0,10.0,None,pupper
1773,678255464182861824,9.0,10.0,Jessifer,None
1774,678023323247357953,13.0,10.0,None,None
1775,678021115718029313,12.0,10.0,Reese,None
1776,677961670166224897,11.0,10.0,Izzy,None
1777,677918531514703872,10.0,10.0,None,None
1778,677895101218201600,9.0,10.0,None,None
1779,677716515794329600,,,None,None
1780,677700003327029250,10.0,10.0,Ralph,None
1781,677698403548192770,9.0,10.0,Sadie,None
1782,677687604918272002,11.0,10.0,None,None
1783,677673981332312066,9.0,10.0,None,None
1784,677662372920729601,12.0,10.0,None,None
1785,677644091929329666,11.0,10.0,None,None
1786,677573743309385728,10.0,10.0,Sandy,None
1787,677565715327688705,6.0,10.0,None,None
1788,677557565589463040,10.0,10.0,None,pupper
1789,677547928504967168,12.0,10.0,None,None
1790,677530072887205888,9.0,10.0,Axel,None
1791,677335745548390400,12.0,10.0,None,None
1792,677334615166730240,9.0,10.0,None,None
1793,677331501395156992,9.0,10.0,Humphrey,None
1794,677328882937298944,10.0,10.0,Derek,None
1795,677314812125323265,10.0,10.0,Tassy,None
1796,677301033169788928,5.0,10.0,Juckson,None
1797,677269281705472000,10.0,10.0,None,pupper
1798,677228873407442944,11.0,10.0,Chuq,None
1799,677187300187611136,9.0,10.0,None,None
1800,676975532580409345,11.0,10.0,Cooper,None
1801,676957860086095872,10.0,10.0,None,None
1802,676949632774234114,8.0,10.0,Tyrus,None
1803,676948236477857792,6.0,10.0,Karl,None
1804,676946864479084545,12.0,10.0,None,None
1805,676942428000112642,9.0,10.0,None,None
1806,676936541936185344,8.0,10.0,None,pupper
1807,676916996760600576,10.0,10.0,None,pupper
1808,676897532954456065,5.0,10.0,None,None
1809,676864501615042560,10.0,10.0,Ash,None
1810,676821958043033607,11.0,10.0,None,None
1811,676819651066732545,12.0,10.0,None,pupper
1812,676811746707918848,9.0,10.0,Penny,None
1813,676776431406465024,10.0,10.0,None,None
1814,676617503762681856,13.0,10.0,None,pupper
1815,676613908052996102,12.0,10.0,None,None
1816,676606785097199616,12.0,10.0,None,None
1817,676603393314578432,9.0,10.0,Godzilla,pupper
1818,676593408224403456,11.0,10.0,None,pupper
1819,676590572941893632,7.0,10.0,None,None
1820,676588346097852417,5.0,10.0,Bubbles,None
1821,676582956622721024,8.0,10.0,Vinnie,None
1822,676575501977128964,8.0,10.0,None,pupper
1823,676533798876651520,12.0,10.0,None,None
1824,676496375194980353,9.0,10.0,Griffin,None
1825,676470639084101634,11.0,10.0,None,pupper
1826,676440007570247681,11.0,10.0,None,None
1827,676430933382295552,10.0,10.0,Duke,None
1828,676263575653122048,10.0,10.0,None,pupper
1829,676237365392908289,8.0,10.0,Winston,None
1830,676219687039057920,10.0,10.0,Kenneth,None
1831,676215927814406144,9.0,10.0,Herm,None
1832,676191832485810177,10.0,10.0,None,None
1833,676146341966438401,10.0,10.0,Bert,None
1834,676121918416756736,8.0,10.0,None,None
1835,676101918813499392,11.0,10.0,Striker,None
1836,676098748976615425,3.0,10.0,None,None
1837,676089483918516224,9.0,10.0,None,None
1838,675898130735476737,10.0,10.0,None,pupper
1839,675891555769696257,6.0,10.0,Donny,None
1840,675888385639251968,10.0,10.0,None,None
1841,675878199931371520,11.0,10.0,None,None
1842,675870721063669760,11.0,10.0,None,None
1843,675853064436391936,,,None,None
1844,675849018447167488,9.0,10.0,None,None
1845,675845657354215424,10.0,10.0,Pepper,pupper
1846,675822767435051008,10.0,10.0,None,None
1847,675820929667219457,11.0,10.0,None,None
1848,675798442703122432,10.0,10.0,Bernie,None
1849,675781562965868544,11.0,10.0,Buddah,None
1850,675740360753160193,12.0,10.0,None,pupper
1851,675710890956750848,12.0,10.0,Lenny,None
1852,675707330206547968,11.0,10.0,None,None
1853,675706639471788032,10.0,10.0,None,None
1854,675534494439489536,11.0,10.0,None,None
1855,675531475945709568,10.0,10.0,Ellie,None
1856,675522403582218240,10.0,10.0,Sammy,None
1857,675517828909424640,12.0,10.0,None,None
1858,675501075957489664,13.0,10.0,None,None
1859,675497103322386432,11.0,10.0,Reggie,None
1860,675489971617296384,10.0,10.0,None,None
1861,675483430902214656,5.0,10.0,None,None
1862,675432746517426176,12.0,10.0,None,None
1863,675372240448454658,13.0,10.0,None,None
1864,675362609739206656,12.0,10.0,Daisy,None
1865,675354435921575936,13.0,10.0,None,None
1866,675349384339542016,13.0,10.0,None,None
1867,675334060156301312,12.0,10.0,None,pupper
1868,675166823650848770,10.0,10.0,Arnold,None
1869,675153376133427200,1.0,10.0,None,None
1870,675149409102012420,12.0,10.0,None,None
1871,675147105808306176,10.0,10.0,None,None
1872,675146535592706048,7.0,10.0,Coops,None
1873,675145476954566656,9.0,10.0,None,None
1874,675135153782571009,5.0,10.0,Steven,None
1875,675113801096802304,10.0,10.0,Zuzu,pupper
1876,675111688094527488,8.0,10.0,Oliver,None
1877,675109292475830276,9.0,10.0,None,None
1878,675047298674663426,11.0,10.0,None,None
1879,675015141583413248,10.0,10.0,Moe,None
1880,675006312288268288,10.0,10.0,Mollie,pupper
1881,675003128568291329,12.0,10.0,Laela,None
1882,674999807681908736,13.0,10.0,None,None
1883,674805413498527744,10.0,10.0,None,None
1884,674800520222154752,11.0,10.0,Tedders,None
1885,674793399141146624,13.0,10.0,None,None
1886,674790488185167872,13.0,10.0,None,None
1887,674788554665512960,9.0,10.0,Maggie,None
1888,674781762103414784,8.0,10.0,None,None
1889,674774481756377088,11.0,10.0,Superpup,pupper
1890,674767892831932416,12.0,10.0,None,None
1891,674764817387900928,10.0,10.0,None,None
1892,674754018082705410,12.0,10.0,None,None
1893,674752233200820224,12.0,10.0,None,None
1894,674743008475090944,10.0,10.0,Sophie,None
1895,674742531037511680,11.0,10.0,None,None
1896,674739953134403584,11.0,10.0,None,None
1897,674737130913071104,10.0,10.0,Rufio,pupper
1898,674690135443775488,3.0,10.0,Patrick,None
1899,674670581682434048,9.0,10.0,Jeb,None
1900,674664755118911488,10.0,10.0,Rodman,None
1901,674646392044941312,5.0,10.0,None,None
1902,674644256330530816,11.0,10.0,None,None
1903,674638615994089473,12.0,10.0,None,pupper
1904,674632714662858753,5.0,10.0,None,None
1905,674606911342424069,13.0,10.0,None,None
1906,674468880899788800,13.0,10.0,Louis,None
1907,674447403907457024,10.0,10.0,None,pupper
1908,674436901579923456,9.0,10.0,Bailey,None
1909,674422304705744896,12.0,10.0,Ava,None
1910,674416750885273600,10.0,10.0,Jonah,None
1911,674410619106390016,10.0,10.0,Lenny,None
1912,674394782723014656,8.0,10.0,Gary,None
1913,674372068062928900,10.0,10.0,Chesney,None
1914,674330906434379776,13.0,10.0,None,None
1915,674318007229923329,8.0,10.0,Lennon,pupper
1916,674307341513269249,12.0,10.0,life,None
1917,674291837063053312,11.0,10.0,Kenny,None
1918,674271431610523648,10.0,10.0,None,None
1919,674269164442398721,8.0,10.0,Bob,None
1920,674265582246694913,2.0,10.0,Henry,None
1921,674262580978937856,9.0,10.0,Gus,pupper
1922,674255168825880576,10.0,10.0,Bobbay,None
1923,674082852460433408,11.0,10.0,None,None
1924,674075285688614912,11.0,10.0,Mitch,None
1925,674063288070742018,5.0,10.0,Earl,None
1926,674053186244734976,10.0,10.0,Stanley,None
1927,674051556661161984,10.0,10.0,Lucy,None
1928,674045139690631169,3.0,10.0,None,None
1929,674042553264685056,12.0,10.0,None,None
1930,674038233588723717,12.0,10.0,Kaiya,pupper
1931,674036086168010753,9.0,10.0,Daisy,None
1932,674024893172875264,10.0,10.0,None,None
1933,674019345211760640,10.0,10.0,Acro,None
1934,674014384960745472,11.0,10.0,Aiden,None
1935,674008982932058114,10.0,10.0,None,None
1936,673956914389192708,10.0,10.0,one,pupper
1937,673919437611909120,11.0,10.0,Obie,pupper
1938,673906403526995968,3.0,10.0,None,None
1939,673887867907739649,10.0,10.0,None,None
1940,673716320723169284,1.0,10.0,None,None
1941,673715861853720576,4.0,10.0,None,None
1942,673711475735838725,10.0,10.0,None,None
1943,673709992831262724,12.0,10.0,None,None
1944,673708611235921920,12.0,10.0,Riley,None
1945,673707060090052608,10.0,10.0,Raymond,pupper
1946,673705679337693185,8.0,10.0,Dot,None
1947,673700254269775872,3.0,10.0,None,None
1948,673697980713705472,8.0,10.0,Pickles,pupper
1949,673689733134946305,11.0,10.0,None,None
1950,673688752737402881,9.0,10.0,Larry,None
1951,673686845050527744,11.0,10.0,George,None
1952,673680198160809984,13.0,10.0,Shnuggles,None
1953,673662677122719744,12.0,10.0,Kendall,None
1954,673656262056419329,10.0,10.0,Albert,pupper
1955,673636718965334016,10.0,10.0,None,None
1956,673612854080196609,7.0,10.0,Jeffri,pupper
1957,673583129559498752,11.0,10.0,Sandy,None
1958,673580926094458881,8.0,10.0,None,None
1959,673576835670777856,7.0,10.0,None,None
1960,673363615379013632,11.0,10.0,None,pupper
1961,673359818736984064,8.0,10.0,Steve,None
1962,673355879178194945,11.0,10.0,Koda,None
1963,673352124999274496,12.0,10.0,None,None
1964,673350198937153538,9.0,10.0,Bella,None
1965,673345638550134785,7.0,10.0,Gerald,None
1966,673343217010679808,11.0,10.0,None,None
1967,673342308415348736,10.0,10.0,Django,pupper
1968,673320132811366400,11.0,10.0,Frankie,None
1969,673317986296586240,10.0,10.0,None,None
1970,673295268553605120,8.0,10.0,Eve,pupper
1971,673270968295534593,11.0,10.0,Mac,None
1972,673240798075449344,6.0,10.0,None,None
1973,673213039743795200,10.0,10.0,Dexter,None
1974,673148804208660480,8.0,10.0,Fletcher,pupper
1975,672997845381865473,12.0,10.0,Kenzie,None
1976,672995267319328768,8.0,10.0,Pumpkin,None
1977,672988786805112832,10.0,10.0,Schnozz,pupper
1978,672984142909456390,9.0,10.0,None,None
1979,672980819271634944,5.0,10.0,None,None
1980,672975131468300288,10.0,10.0,Chuckles,pupper
1981,672970152493887488,7.0,10.0,Chet,pupper
1982,672968025906282496,11.0,10.0,Gustaf,None
1983,672964561327235073,10.0,10.0,Terry,None
1984,672902681409806336,9.0,10.0,Jimison,None
1985,672898206762672129,11.0,10.0,Cheryl,pupper
1986,672884426393653248,6.0,10.0,None,None
1987,672877615439593473,8.0,10.0,Oscar,None
1988,672834301050937345,10.0,10.0,Ed,None
1989,672828477930868736,9.0,10.0,Jerry,None
1990,672640509974827008,9.0,10.0,Leonidas,None
1991,672622327801233409,12.0,10.0,None,pupper
1992,672614745925664768,6.0,10.0,Norman,pupper
1993,672609152938721280,9.0,10.0,Caryl,None
1994,672604026190569472,11.0,10.0,None,None
1995,672594978741354496,9.0,10.0,Scott,pupper
1996,672591762242805761,10.0,10.0,Taz,None
1997,672591271085670400,8.0,10.0,None,None
1998,672538107540070400,7.0,10.0,Darby,None
1999,672523490734551040,10.0,10.0,None,None
2000,672488522314567680,10.0,10.0,Jackie,None
2001,672482722825261057,10.0,10.0,light,None
2002,672481316919734272,12.0,10.0,Jazz,pupper
2003,672475084225949696,8.0,10.0,Buddy,None
2004,672466075045466113,12.0,10.0,Franq,None
2005,672272411274932228,11.0,10.0,Pippin,None
2006,672267570918129665,10.0,10.0,None,None
2007,672264251789176834,10.0,10.0,Kreg,None
2008,672256522047614977,8.0,10.0,None,None
2009,672254177670729728,11.0,10.0,Rolf,pupper
2010,672248013293752320,10.0,10.0,None,None
2011,672245253877968896,12.0,10.0,Snickers,None
2012,672239279297454080,7.0,10.0,Ridley,None
2013,672231046314901505,5.0,10.0,None,None
2014,672222792075620352,9.0,10.0,Cal,None
2015,672205392827572224,9.0,10.0,Opal,pupper
2016,672169685991993344,10.0,10.0,Bradley,None
2017,672160042234327040,8.0,10.0,Bubba,pupper
2018,672139350159835138,12.0,10.0,None,None
2019,672125275208069120,11.0,10.0,just,None
2020,672095186491711488,9.0,10.0,Tuco,None
2021,672082170312290304,11.0,10.0,Patch,None
2022,672068090318987265,7.0,10.0,Gizmo,None
2023,671896809300709376,10.0,10.0,Lola,None
2024,671891728106971137,11.0,10.0,Mojo,None
2025,671882082306625538,11.0,10.0,Batdog,None
2026,671879137494245376,5.0,10.0,Brad,None
2027,671874878652489728,10.0,10.0,Mia,None
2028,671866342182637568,10.0,10.0,Dylan,None
2029,671855973984772097,8.0,10.0,None,None
2030,671789708968640512,13.0,10.0,space,None
2031,671768281401958400,10.0,10.0,None,None
2032,671763349865160704,9.0,10.0,Mark,None
2033,671744970634719232,6.0,10.0,None,None
2034,671743150407421952,11.0,10.0,None,None
2035,671735591348891648,11.0,10.0,Oscar,None
2036,671729906628341761,13.0,10.0,None,None
2037,671561002136281088,13.0,10.0,None,None
2038,671550332464455680,1.0,10.0,None,None
2039,671547767500775424,10.0,10.0,Marley,None
2040,671544874165002241,6.0,10.0,None,None
2041,671542985629241344,10.0,10.0,JD,None
2042,671538301157904385,8.0,10.0,Baxter,None
2043,671536543010570240,9.0,10.0,Reginald,None
2044,671533943490011136,6.0,10.0,None,None
2045,671528761649688577,10.0,10.0,Jax,None
2046,671520732782923777,10.0,10.0,Alejandro,None
2047,671518598289059840,9.0,10.0,Scruffers,None
2048,671511350426865664,8.0,10.0,Hammond,None
2049,671504605491109889,11.0,10.0,Charlie,None
2050,671497587707535361,11.0,10.0,Pip,None
2051,671488513339211776,8.0,10.0,Julius,None
2052,671486386088865792,10.0,10.0,Malcolm,None
2053,671485057807351808,11.0,10.0,Penelope,None
2054,671390180817915904,7.0,10.0,None,None
2055,671362598324076544,11.0,10.0,Tanner,None
2056,671357843010908160,9.0,10.0,None,None
2057,671355857343524864,10.0,10.0,Lou,None
2058,671347597085433856,9.0,10.0,Lola,None
2059,671186162933985280,10.0,10.0,Sparky,None
2060,671182547775299584,12.0,10.0,None,None
2061,671166507850801152,10.0,10.0,Herm,None
2062,671163268581498880,8.0,10.0,None,None
2063,671159727754231808,5.0,10.0,Anthony,None
2064,671154572044468225,11.0,10.0,Holly,None
2065,671151324042559489,12.0,10.0,None,None
2066,671147085991960577,9.0,10.0,None,None
2067,671141549288370177,9.0,10.0,None,None
2068,671138694582165504,10.0,10.0,None,None
2069,671134062904504320,8.0,10.0,Clarence,None
2070,671122204919246848,4.0,10.0,None,None
2071,671115716440031232,6.0,10.0,Phred,None
2072,671109016219725825,8.0,10.0,Toby,None
2073,670995969505435648,12.0,10.0,None,None
2074,670842764863651840,420.0,10.0,None,None
2075,670840546554966016,10.0,10.0,Colby,None
2076,670838202509447168,4.0,10.0,None,None
2077,670833812859932673,7.0,10.0,Jett,None
2078,670832455012716544,10.0,10.0,Amy,None
2079,670826280409919488,2.0,10.0,None,None
2080,670823764196741120,12.0,10.0,Remington,None
2081,670822709593571328,10.0,10.0,None,None
2082,670815497391357952,10.0,10.0,Sage,None
2083,670811965569282048,10.0,10.0,Maggie,None
2084,670807719151067136,11.0,10.0,Andy,None
2085,670804601705242624,10.0,10.0,Mason,None
2086,670803562457407488,10.0,10.0,None,None
2087,670797304698376195,11.0,10.0,Trigger,None
2088,670792680469889025,7.0,10.0,Antony,None
2089,670789397210615808,9.0,10.0,None,None
2090,670786190031921152,8.0,10.0,Creg,None
2091,670783437142401025,1.0,10.0,None,None
2092,670782429121134593,5.0,10.0,None,None
2093,670780561024270336,7.0,10.0,Traviss,None
2094,670778058496974848,10.0,10.0,None,None
2095,670764103623966721,10.0,10.0,Vincent,None
2096,670755717859713024,9.0,10.0,Gin,None
2097,670733412878163972,8.0,10.0,Jerry,None
2098,670727704916926465,10.0,10.0,Jeffrie,None
2099,670717338665226240,12.0,10.0,None,None
2100,670704688707301377,6.0,10.0,Danny,None
2101,670691627984359425,8.0,10.0,Ester,None
2102,670679630144274432,8.0,10.0,Pluto,None
2103,670676092097810432,8.0,10.0,Bloo,None
2104,670668383499735048,10.0,10.0,Phineas,None
2105,670474236058800128,10.0,10.0,None,None
2106,670468609693655041,10.0,10.0,Edd,None
2107,670465786746662913,7.0,10.0,None,None
2108,670452855871037440,11.0,10.0,None,None
2109,670449342516494336,5.0,10.0,None,None
2110,670444955656130560,10.0,10.0,Paull,None
2111,670442337873600512,11.0,10.0,Koda,None
2112,670435821946826752,10.0,10.0,None,None
2113,670434127938719744,11.0,10.0,Hank,None
2114,670433248821026816,10.0,10.0,Sam,None
2115,670428280563085312,11.0,10.0,Willy,None
2116,670427002554466305,9.0,10.0,None,None
2117,670421925039075328,12.0,10.0,Herb,None
2118,670420569653809152,10.0,10.0,Damon,None
2119,670417414769758208,6.0,10.0,None,None
2120,670411370698022913,12.0,10.0,Scooter,None
2121,670408998013820928,10.0,10.0,Peanut,None
2122,670403879788544000,10.0,10.0,Nigel,None
2123,670385711116361728,8.0,10.0,Larry,None
2124,670374371102445568,12.0,10.0,Daisy,None
2125,670361874861563904,9.0,10.0,None,None
2126,670338931251150849,10.0,10.0,Butters,None
2127,670319130621435904,11.0,10.0,None,None
2128,670303360680108032,9.0,10.0,None,None
2129,670290420111441920,11.0,10.0,Sandra,None
2130,670093938074779648,9.0,10.0,Wally,None
2131,670086499208155136,10.0,10.0,None,None
2132,670079681849372674,10.0,10.0,Fabio,None
2133,670073503555706880,10.0,10.0,Winston,None
2134,670069087419133954,5.0,10.0,Randall,None
2135,670061506722140161,11.0,10.0,Liam,None
2136,670055038660800512,3.0,10.0,Tommy,None
2137,670046952931721218,11.0,10.0,Ben,None
2138,670040295598354432,10.0,10.0,None,None
2139,670037189829525505,5.0,10.0,None,None
2140,670003130994700288,10.0,10.0,Raphael,None
2141,669993076832759809,9.0,10.0,Zoey,None
2142,669972011175813120,10.0,10.0,None,None
2143,669970042633789440,10.0,10.0,Julio,None
2144,669942763794931712,11.0,10.0,Andru,None
2145,669926384437997569,12.0,10.0,None,None
2146,669923323644657664,10.0,10.0,None,None
2147,669753178989142016,10.0,10.0,Chester,None
2148,669749430875258880,8.0,10.0,Clarence,None
2149,669684865554620416,11.0,10.0,None,None
2150,669683899023405056,10.0,10.0,Kloey,None
2151,669682095984410625,9.0,10.0,Louie,None
2152,669680153564442624,8.0,10.0,Shawwn,None
2153,669661792646373376,5.0,10.0,None,None
2154,669625907762618368,12.0,10.0,Penny,None
2155,669603084620980224,10.0,10.0,None,None
2156,669597912108789760,10.0,10.0,Skye,None
2157,669583744538451968,6.0,10.0,None,None
2158,669573570759163904,10.0,10.0,Linda,None
2159,669571471778410496,7.0,10.0,Keith,None
2160,669567591774625800,9.0,10.0,Kollin,None
2161,669564461267722241,10.0,10.0,None,None
2162,669393256313184256,10.0,10.0,Ronduh,None
2163,669375718304980992,6.0,10.0,Billl,None
2164,669371483794317312,10.0,10.0,Oliviér,None
2165,669367896104181761,10.0,10.0,Chip,None
2166,669363888236994561,10.0,10.0,None,None
2167,669359674819481600,11.0,10.0,Saydee,None
2168,669354382627049472,8.0,10.0,Dug,None
2169,669353438988365824,10.0,10.0,Tessa,None
2170,669351434509529089,10.0,10.0,Sully,None
2171,669328503091937280,12.0,10.0,Kirk,None
2172,669327207240699904,13.0,10.0,None,None
2173,669324657376567296,11.0,10.0,Ralf,None
2174,669216679721873412,8.0,10.0,Clarq,None
2175,669214165781868544,10.0,10.0,Jaspers,None
2176,669203728096960512,9.0,10.0,Samsom,None
2177,669037058363662336,10.0,10.0,None,None
2178,669015743032369152,10.0,10.0,None,None
2179,669006782128353280,12.0,10.0,Tucker,None
2180,669000397445533696,11.0,10.0,Terrance,None
2181,668994913074286592,5.0,10.0,None,None
2182,668992363537309700,8.0,10.0,Harrison,None
2183,668989615043424256,3.0,10.0,Bernie,None
2184,668988183816871936,7.0,10.0,None,None
2185,668986018524233728,9.0,10.0,Ruby,None
2186,668981893510119424,4.0,10.0,None,None
2187,668979806671884288,12.0,10.0,Chaz,None
2188,668975677807423489,11.0,10.0,Jeremy,None
2189,668967877119254528,12.0,10.0,None,None
2190,668960084974809088,10.0,10.0,Jaycob,None
2191,668955713004314625,10.0,10.0,None,None
2192,668932921458302977,9.0,10.0,Herald,None
2193,668902994700836864,11.0,10.0,Lambeau,None
2194,668892474547511297,11.0,10.0,Ruffles,None
2195,668872652652679168,11.0,10.0,Amélie,None
2196,668852170888998912,11.0,10.0,Bobb,None
2197,668826086256599040,10.0,10.0,Banditt,None
2198,668815180734689280,7.0,10.0,None,None
2199,668779399630725120,10.0,10.0,Kevon,None
2200,668655139528511488,11.0,10.0,Winifred,None
2201,668645506898350081,11.0,10.0,None,None
2202,668643542311546881,3.0,10.0,None,None
2203,668641109086707712,10.0,10.0,Hanz,None
2204,668636665813057536,10.0,10.0,None,None
2205,668633411083464705,10.0,10.0,Churlie,None
2206,668631377374486528,5.0,10.0,Zeek,None
2207,668627278264475648,9.0,10.0,Timofy,None
2208,668625577880875008,10.0,10.0,Maks,None
2209,668623201287675904,10.0,10.0,Jomathan,None
2210,668620235289837568,10.0,10.0,Kallie,None
2211,668614819948453888,7.0,10.0,None,None
2212,668587383441514497,13.0,10.0,None,None
2213,668567822092664832,11.0,10.0,Marvin,None
2214,668544745690562560,10.0,10.0,None,None
2215,668542336805281792,10.0,10.0,None,None
2216,668537837512433665,8.0,10.0,Spark,None
2217,668528771708952576,12.0,10.0,Gòrdón,None
2218,668507509523615744,10.0,10.0,None,None
2219,668496999348633600,8.0,10.0,Jo,None
2220,668484198282485761,9.0,10.0,None,None
2221,668480044826800133,11.0,10.0,DayZ,None
2222,668466899341221888,4.0,10.0,None,None
2223,668297328638447616,9.0,10.0,None,None
2224,668291999406125056,10.0,10.0,None,None
2225,668286279830867968,11.0,10.0,Rusty,None
2226,668274247790391296,10.0,10.0,Sophie,None
2227,668268907921326080,10.0,10.0,None,None
2228,668256321989451776,13.0,10.0,Jareld,None
2229,668248472370458624,8.0,10.0,Bisquick,None
2230,668237644992782336,10.0,10.0,Torque,None
2231,668226093875376128,10.0,10.0,None,None
2232,668221241640230912,10.0,10.0,None,None
2233,668204964695683073,8.0,10.0,Ron,None
2234,668190681446379520,12.0,10.0,Skittles,None
2235,668171859951755264,7.0,10.0,None,None
2236,668154635664932864,9.0,10.0,None,None
2237,668142349051129856,2.0,10.0,None,None
2238,668113020489474048,6.0,10.0,Alfie,None
2239,667937095915278337,3.0,10.0,None,None
2240,667924896115245057,9.0,10.0,Jiminy,None
2241,667915453470232577,10.0,10.0,Otis,None
2242,667911425562669056,5.0,10.0,None,None
2243,667902449697558528,9.0,10.0,Cleopatricia,None
2244,667886921285246976,11.0,10.0,Erik,None
2245,667885044254572545,10.0,10.0,Stu,None
2246,667878741721415682,2.0,10.0,Tedrick,None
2247,667873844930215936,10.0,10.0,None,None
2248,667866724293877760,10.0,10.0,Shaggy,None
2249,667861340749471744,9.0,10.0,None,None
2250,667832474953625600,12.0,10.0,None,None
2251,667806454573760512,10.0,10.0,Filup,None
2252,667801013445750784,12.0,10.0,None,None
2253,667793409583771648,8.0,10.0,None,None
2254,667782464991965184,9.0,10.0,None,None
2255,667773195014021121,8.0,10.0,None,None
2256,667766675769573376,9.0,10.0,Calvin,None
2257,667728196545200128,11.0,10.0,Olive,None
2258,667724302356258817,7.0,10.0,None,None
2261,667549055577362432,1.0,10.0,None,None
2262,667546741521195010,9.0,10.0,George,None
2263,667544320556335104,10.0,10.0,Kial,None
2264,667538891197542400,9.0,10.0,None,None
2265,667534815156183040,8.0,10.0,Frank,None
2266,667530908589760512,10.0,10.0,Naphaniel,None
2267,667524857454854144,12.0,10.0,None,None
2268,667517642048163840,8.0,10.0,Dook,None
2269,667509364010450944,12.0,10.0,None,None
2270,667502640335572993,11.0,10.0,Hall,None
2271,667495797102141441,9.0,10.0,Philippe,None
2272,667491009379606528,7.0,10.0,None,None
2273,667470559035432960,11.0,10.0,None,None
2274,667455448082227200,7.0,10.0,Reese,None
2275,667453023279554560,11.0,10.0,Cupcake,None
2276,667443425659232256,6.0,10.0,None,None
2277,667437278097252352,10.0,10.0,None,None
2278,667435689202614272,12.0,10.0,None,None
2279,667405339315146752,7.0,10.0,Biden,None
2280,667393430834667520,8.0,10.0,Fwed,None
2281,667369227918143488,10.0,10.0,None,None
2282,667211855547486208,9.0,10.0,Genevieve,None
2283,667200525029539841,11.0,10.0,Joshwa,None
2284,667192066997374976,12.0,10.0,None,None
2285,667188689915760640,10.0,10.0,None,None
2286,667182792070062081,10.0,10.0,Timison,None
2287,667177989038297088,8.0,10.0,None,None
2288,667176164155375616,4.0,10.0,None,None
2289,667174963120574464,9.0,10.0,Clarence,None
2290,667171260800061440,10.0,10.0,Kenneth,None
2291,667165590075940865,10.0,10.0,Churlie,None
2292,667160273090932737,11.0,10.0,Bradlay,None
2293,667152164079423490,12.0,10.0,Pipsy,None
2294,667138269671505920,10.0,10.0,None,None
2295,667119796878725120,10.0,10.0,Gabe,None
2296,667090893657276420,7.0,10.0,Clybe,None
2297,667073648344346624,10.0,10.0,Dave,None
2298,667070482143944705,10.0,10.0,None,None
2299,667065535570550784,8.0,10.0,None,None
2300,667062181243039745,10.0,10.0,Keet,None
2301,667044094246576128,12.0,10.0,None,None
2302,667012601033924608,9.0,10.0,Klevin,None
2303,666996132027977728,10.0,10.0,Carll,None
2304,666983947667116034,11.0,10.0,None,None
2305,666837028449972224,3.0,10.0,None,None
2306,666835007768551424,10.0,10.0,None,None
2307,666826780179869698,12.0,10.0,None,None
2308,666817836334096384,9.0,10.0,Jeph,None
2309,666804364988780544,8.0,10.0,Jockson,None
2310,666786068205871104,2.0,10.0,None,None
2311,666781792255496192,10.0,10.0,None,None
2312,666776908487630848,5.0,10.0,Josep,None
2313,666739327293083650,10.0,10.0,Lugan,None
2314,666701168228331520,8.0,10.0,None,None
2315,666691418707132416,8.0,10.0,Christoper,None
2316,666649482315059201,4.0,10.0,None,None
2317,666644823164719104,9.0,10.0,Jimothy,None
2318,666454714377183233,10.0,10.0,Kreggory,None
2319,666447344410484738,9.0,10.0,Scout,None
2320,666437273139982337,7.0,10.0,None,None
2321,666435652385423360,10.0,10.0,None,None
2322,666430724426358785,6.0,10.0,None,None
2323,666428276349472768,7.0,10.0,None,None
2324,666421158376562688,12.0,10.0,None,None
2325,666418789513326592,10.0,10.0,Walter,None
2326,666411507551481857,2.0,10.0,None,None
2327,666407126856765440,7.0,10.0,None,None
2328,666396247373291520,9.0,10.0,None,None
2329,666373753744588802,11.0,10.0,None,None
2330,666362758909284353,6.0,10.0,None,None
2331,666353288456101888,8.0,10.0,None,None
2332,666345417576210432,10.0,10.0,None,None
2333,666337882303524864,9.0,10.0,None,None
2334,666293911632134144,3.0,10.0,None,None
2335,666287406224695296,,,None,None
2336,666273097616637952,11.0,10.0,None,None
2337,666268910803644416,10.0,10.0,None,None
2338,666104133288665088,1.0,10.0,None,None
2339,666102155909144576,11.0,10.0,None,None
2340,666099513787052032,8.0,10.0,None,None
2341,666094000022159362,9.0,10.0,None,None
2342,666082916733198337,6.0,10.0,None,None
2343,666073100786774016,10.0,10.0,None,None
2344,666071193221509120,9.0,10.0,None,None
2345,666063827256086533,10.0,10.0,None,None
2346,666058600524156928,8.0,10.0,None,None
2347,666057090499244032,9.0,10.0,None,None
2348,666055525042405380,10.0,10.0,None,None
2349,666051853826850816,2.0,10.0,None,None
2350,666050758794694657,10.0,10.0,None,None
2351,666049248165822465,5.0,10.0,None,None
2352,666044226329800704,6.0,10.0,None,None
2353,666033412701032449,9.0,10.0,None,None
2354,666029285002620928,7.0,10.0,None,None
2355,666020888022790149,8.0,10.0,None,None
